user_id,install_date,country,platform,acquisition_channel,device_type
u_00001,2024-02-10,US,Android,organic,phone
u_00002,2024-01-07,CA,Android,organic,phone
u_00003,2024-01-02,US,iOS,paid_social,phone
u_00004,2024-02-15,CA,Android,organic,phone
u_00005,2024-02-21,KR,Android,organic,phone
u_00006,2024-01-18,US,Android,organic,phone
u_00007,2024-01-07,GB,iOS,organic,phone
u_00008,2024-01-30,DE,Android,organic,phone
u_00009,2024-02-23,CA,Android,organic,phone
u_00010,2024-01-05,US,iOS,organic,phone
u_00011,2024-01-15,KR,iOS,paid_social,phone
u_00012,2024-01-11,GB,iOS,organic,tablet
u_00013,2024-02-11,US,Android,paid_social,phone
u_00014,2024-01-30,GB,Android,paid_social,phone
u_00015,2024-02-13,US,Android,organic,phone
u_00016,2024-02-21,US,iOS,organic,tablet
u_00017,2024-02-26,BR,iOS,paid_social,tablet
u_00018,2024-02-11,DE,iOS,organic,phone
u_00019,2024-01-17,BR,iOS,paid_social,phone
u_00020,2024-01-09,DE,iOS,organic,phone
u_00021,2024-02-10,US,Android,paid_social,phone
u_00022,2024-02-08,MX,Android,email,tablet
u_00023,2024-01-01,CA,iOS,influencer,phone
u_00024,2024-02-19,CA,iOS,paid_social,phone
u_00025,2024-02-16,KR,iOS,paid_social,phone
u_00026,2024-02-28,US,Android,influencer,phone
u_00027,2024-01-13,US,Android,paid_social,phone
u_00028,2024-02-03,AU,Android,paid_social,phone
u_00029,2024-01-24,KR,Android,organic,phone
u_00030,2024-02-26,FR,iOS,paid_search,phone
u_00031,2024-02-18,DE,iOS,paid_search,tablet
u_00032,2024-01-11,US,Android,paid_social,phone
u_00033,2024-02-04,BR,Android,paid_search,phone
u_00034,2024-02-12,CA,iOS,paid_social,phone
u_00035,2024-01-15,US,iOS,paid_social,phone
u_00036,2024-01-01,US,Android,organic,tablet
u_00037,2024-02-25,US,Android,organic,phone
u_00038,2024-02-04,US,Android,paid_social,phone
u_00039,2024-02-20,DE,iOS,organic,phone
u_00040,2024-01-23,GB,Android,paid_search,phone
u_00041,2024-02-11,US,iOS,organic,tablet
u_00042,2024-01-16,US,Android,organic,phone
u_00043,2024-01-30,US,Android,paid_social,tablet
u_00044,2024-02-05,US,Android,paid_social,phone
u_00045,2024-01-06,AU,Android,organic,phone
u_00046,2024-01-14,KR,Android,organic,phone
u_00047,2024-01-25,US,Android,paid_social,phone
u_00048,2024-02-16,MX,Android,paid_search,phone
u_00049,2024-01-19,US,iOS,paid_search,phone
u_00050,2024-01-21,US,Android,paid_social,tablet
u_00051,2024-01-11,US,Android,influencer,phone
u_00052,2024-01-05,CA,iOS,organic,tablet
u_00053,2024-01-16,FR,iOS,organic,phone
u_00054,2024-02-06,DE,Android,organic,phone
u_00055,2024-01-16,US,iOS,paid_social,phone
u_00056,2024-02-29,BR,iOS,paid_social,tablet
u_00057,2024-01-07,US,iOS,organic,tablet
u_00058,2024-02-26,US,iOS,organic,phone
u_00059,2024-02-04,BR,Android,email,phone
u_00060,2024-01-01,CA,Android,email,phone
u_00061,2024-02-26,US,iOS,organic,phone
u_00062,2024-01-18,US,iOS,organic,phone
u_00063,2024-02-24,US,Android,influencer,phone
u_00064,2024-01-06,CA,Android,organic,phone
u_00065,2024-01-09,CA,iOS,paid_search,phone
u_00066,2024-01-28,FR,iOS,email,phone
u_00067,2024-01-10,FR,Android,paid_social,phone
u_00068,2024-01-09,US,iOS,email,tablet
u_00069,2024-01-03,AU,iOS,organic,phone
u_00070,2024-02-19,FR,Android,email,phone
u_00071,2024-02-29,AU,Android,email,phone
u_00072,2024-02-26,GB,iOS,email,phone
u_00073,2024-01-27,JP,Android,influencer,phone
u_00074,2024-02-20,BR,iOS,organic,phone
u_00075,2024-01-13,JP,Android,organic,phone
u_00076,2024-01-15,US,Android,organic,phone
u_00077,2024-01-05,MX,iOS,paid_social,phone
u_00078,2024-02-23,DE,Android,organic,tablet
u_00079,2024-01-12,FR,Android,organic,phone
u_00080,2024-01-23,BR,iOS,paid_social,phone
u_00081,2024-01-25,AU,iOS,organic,phone
u_00082,2024-02-03,AU,Android,paid_search,phone
u_00083,2024-02-12,US,iOS,email,tablet
u_00084,2024-02-09,US,Android,paid_search,phone
u_00085,2024-01-20,CA,iOS,paid_search,phone
u_00086,2024-01-13,GB,Android,paid_search,tablet
u_00087,2024-02-09,FR,iOS,influencer,phone
u_00088,2024-01-14,GB,Android,paid_search,phone
u_00089,2024-01-29,CA,Android,paid_search,tablet
u_00090,2024-02-17,US,iOS,paid_social,phone
u_00091,2024-01-22,US,Android,organic,phone
u_00092,2024-02-21,US,iOS,organic,phone
u_00093,2024-02-24,BR,Android,influencer,phone
u_00094,2024-02-15,BR,Android,organic,phone
u_00095,2024-01-01,KR,Android,influencer,phone
u_00096,2024-01-15,US,Android,paid_social,phone
u_00097,2024-01-16,AU,iOS,organic,phone
u_00098,2024-02-03,MX,Android,email,tablet
u_00099,2024-02-09,JP,Android,paid_social,tablet
u_00100,2024-01-29,KR,Android,paid_social,phone
u_00101,2024-01-16,JP,iOS,paid_search,phone
u_00102,2024-01-16,US,iOS,organic,phone
u_00103,2024-01-21,KR,iOS,organic,phone
u_00104,2024-01-10,BR,iOS,paid_social,phone
u_00105,2024-01-27,US,Android,organic,phone
u_00106,2024-03-01,BR,Android,paid_search,phone
u_00107,2024-01-01,AU,iOS,organic,tablet
u_00108,2024-02-23,GB,Android,paid_social,phone
u_00109,2024-01-15,DE,iOS,paid_social,phone
u_00110,2024-02-12,CA,iOS,organic,phone
u_00111,2024-01-09,MX,Android,influencer,phone
u_00112,2024-02-12,US,Android,organic,phone
u_00113,2024-01-04,US,iOS,paid_social,phone
u_00114,2024-02-26,GB,Android,influencer,phone
u_00115,2024-01-06,DE,Android,organic,tablet
u_00116,2024-01-15,CA,Android,paid_search,phone
u_00117,2024-03-01,US,Android,paid_social,phone
u_00118,2024-01-31,CA,Android,organic,phone
u_00119,2024-02-19,GB,Android,email,phone
u_00120,2024-02-19,JP,Android,organic,phone
u_00121,2024-01-20,FR,Android,organic,tablet
u_00122,2024-01-13,US,Android,paid_social,phone
u_00123,2024-02-19,US,Android,influencer,phone
u_00124,2024-02-06,JP,iOS,paid_social,phone
u_00125,2024-02-02,CA,iOS,paid_social,phone
u_00126,2024-01-28,MX,Android,influencer,phone
u_00127,2024-01-28,US,Android,paid_search,phone
u_00128,2024-02-28,DE,Android,paid_social,phone
u_00129,2024-01-18,US,iOS,email,phone
u_00130,2024-01-29,US,Android,paid_social,phone
u_00131,2024-01-02,DE,iOS,paid_social,phone
u_00132,2024-01-17,GB,Android,paid_search,phone
u_00133,2024-01-01,DE,iOS,organic,phone
u_00134,2024-02-05,BR,Android,paid_social,phone
u_00135,2024-02-20,US,iOS,paid_social,phone
u_00136,2024-02-12,FR,Android,paid_social,phone
u_00137,2024-02-17,FR,iOS,paid_social,phone
u_00138,2024-01-15,US,iOS,organic,phone
u_00139,2024-02-18,BR,iOS,paid_search,phone
u_00140,2024-02-07,MX,Android,organic,phone
u_00141,2024-01-13,US,iOS,organic,phone
u_00142,2024-01-09,US,Android,paid_social,phone
u_00143,2024-01-09,CA,Android,organic,phone
u_00144,2024-01-19,DE,iOS,organic,phone
u_00145,2024-03-01,KR,iOS,organic,phone
u_00146,2024-02-06,CA,iOS,organic,phone
u_00147,2024-01-20,US,iOS,paid_social,phone
u_00148,2024-02-08,JP,iOS,paid_social,phone
u_00149,2024-01-29,US,Android,paid_social,phone
u_00150,2024-01-04,FR,Android,email,phone
u_00151,2024-01-14,US,iOS,organic,phone
u_00152,2024-01-11,US,Android,paid_social,phone
u_00153,2024-01-15,US,iOS,influencer,phone
u_00154,2024-01-15,AU,Android,paid_social,phone
u_00155,2024-02-29,US,iOS,organic,phone
u_00156,2024-01-18,JP,iOS,organic,phone
u_00157,2024-02-17,JP,Android,paid_social,phone
u_00158,2024-01-20,BR,Android,paid_social,phone
u_00159,2024-01-06,FR,Android,paid_search,phone
u_00160,2024-01-02,US,Android,influencer,phone
u_00161,2024-03-01,US,Android,influencer,phone
u_00162,2024-02-18,BR,Android,paid_search,tablet
u_00163,2024-01-12,MX,iOS,influencer,tablet
u_00164,2024-01-31,GB,iOS,paid_search,tablet
u_00165,2024-01-22,GB,Android,paid_search,phone
u_00166,2024-02-18,FR,Android,organic,phone
u_00167,2024-02-19,GB,Android,email,phone
u_00168,2024-02-04,DE,iOS,paid_social,phone
u_00169,2024-02-01,CA,Android,organic,phone
u_00170,2024-02-29,US,Android,paid_social,phone
u_00171,2024-02-10,FR,iOS,organic,phone
u_00172,2024-02-05,GB,iOS,influencer,phone
u_00173,2024-03-01,US,Android,paid_social,phone
u_00174,2024-02-02,BR,iOS,paid_social,phone
u_00175,2024-01-30,FR,iOS,email,phone
u_00176,2024-02-26,US,iOS,paid_search,tablet
u_00177,2024-01-22,AU,Android,influencer,phone
u_00178,2024-01-20,JP,Android,paid_search,tablet
u_00179,2024-01-29,DE,iOS,paid_social,phone
u_00180,2024-01-30,AU,Android,email,phone
u_00181,2024-01-25,US,Android,organic,phone
u_00182,2024-02-15,AU,iOS,email,phone
u_00183,2024-02-11,MX,Android,organic,phone
u_00184,2024-02-07,US,iOS,influencer,phone
u_00185,2024-02-28,DE,Android,paid_social,phone
u_00186,2024-01-10,US,Android,organic,phone
u_00187,2024-01-26,CA,Android,influencer,tablet
u_00188,2024-01-25,MX,Android,influencer,phone
u_00189,2024-02-04,US,iOS,paid_social,tablet
u_00190,2024-01-15,BR,iOS,organic,phone
u_00191,2024-02-25,US,iOS,organic,phone
u_00192,2024-01-21,JP,iOS,organic,phone
u_00193,2024-02-03,GB,Android,organic,phone
u_00194,2024-02-09,KR,Android,organic,tablet
u_00195,2024-01-10,US,Android,paid_social,phone
u_00196,2024-02-27,JP,Android,paid_search,phone
u_00197,2024-01-29,MX,Android,organic,tablet
u_00198,2024-02-14,US,Android,organic,phone
u_00199,2024-01-31,US,iOS,organic,phone
u_00200,2024-02-14,US,Android,paid_search,phone
u_00201,2024-02-06,KR,Android,email,tablet
u_00202,2024-02-17,DE,Android,organic,phone
u_00203,2024-02-08,JP,iOS,organic,phone
u_00204,2024-02-18,BR,Android,influencer,phone
u_00205,2024-02-27,CA,iOS,paid_search,phone
u_00206,2024-01-24,BR,iOS,organic,phone
u_00207,2024-01-12,US,Android,influencer,phone
u_00208,2024-02-02,AU,Android,organic,phone
u_00209,2024-01-31,MX,iOS,influencer,phone
u_00210,2024-01-30,MX,iOS,email,tablet
u_00211,2024-02-16,CA,iOS,influencer,phone
u_00212,2024-01-06,JP,iOS,paid_social,phone
u_00213,2024-02-13,BR,iOS,organic,phone
u_00214,2024-01-24,US,iOS,organic,tablet
u_00215,2024-02-05,US,Android,paid_social,phone
u_00216,2024-01-30,AU,iOS,paid_social,phone
u_00217,2024-03-01,US,Android,organic,phone
u_00218,2024-02-04,US,Android,paid_search,phone
u_00219,2024-03-01,FR,Android,paid_search,tablet
u_00220,2024-02-11,US,Android,paid_social,tablet
u_00221,2024-01-03,BR,iOS,paid_social,phone
u_00222,2024-01-24,US,Android,paid_social,tablet
u_00223,2024-01-23,US,iOS,email,tablet
u_00224,2024-02-22,DE,Android,paid_social,phone
u_00225,2024-01-02,US,iOS,email,phone
u_00226,2024-01-14,US,Android,organic,phone
u_00227,2024-02-25,US,Android,paid_search,phone
u_00228,2024-01-18,KR,iOS,organic,phone
u_00229,2024-01-12,US,Android,organic,phone
u_00230,2024-02-20,US,iOS,organic,phone
u_00231,2024-02-17,GB,iOS,organic,phone
u_00232,2024-01-24,DE,iOS,paid_social,tablet
u_00233,2024-01-03,BR,Android,paid_search,phone
u_00234,2024-02-11,MX,iOS,paid_social,phone
u_00235,2024-02-13,US,Android,paid_social,tablet
u_00236,2024-01-21,FR,iOS,organic,phone
u_00237,2024-02-05,BR,iOS,paid_social,phone
u_00238,2024-02-02,FR,iOS,paid_search,tablet
u_00239,2024-02-11,KR,Android,influencer,phone
u_00240,2024-02-26,US,iOS,paid_social,phone
u_00241,2024-01-07,US,iOS,organic,tablet
u_00242,2024-02-13,AU,iOS,influencer,phone
u_00243,2024-01-07,BR,iOS,organic,phone
u_00244,2024-02-05,FR,Android,paid_social,tablet
u_00245,2024-03-01,BR,Android,paid_search,tablet
u_00246,2024-02-08,US,iOS,paid_social,phone
u_00247,2024-01-31,US,iOS,influencer,phone
u_00248,2024-02-18,US,iOS,paid_social,phone
u_00249,2024-02-19,JP,Android,paid_social,phone
u_00250,2024-02-29,CA,Android,organic,phone
u_00251,2024-02-18,US,iOS,organic,tablet
u_00252,2024-02-06,CA,iOS,paid_search,tablet
u_00253,2024-01-06,BR,iOS,paid_social,phone
u_00254,2024-01-24,US,iOS,email,phone
u_00255,2024-02-26,US,iOS,paid_social,phone
u_00256,2024-01-18,GB,iOS,paid_social,phone
u_00257,2024-01-14,BR,iOS,paid_social,phone
u_00258,2024-02-13,FR,Android,organic,phone
u_00259,2024-02-08,US,iOS,email,phone
u_00260,2024-02-18,US,iOS,organic,phone
u_00261,2024-01-12,US,Android,organic,phone
u_00262,2024-02-12,JP,iOS,influencer,phone
u_00263,2024-01-02,DE,iOS,organic,phone
u_00264,2024-01-26,BR,iOS,organic,phone
u_00265,2024-01-21,US,Android,paid_social,phone
u_00266,2024-01-24,US,Android,organic,phone
u_00267,2024-02-03,US,Android,paid_search,phone
u_00268,2024-02-19,US,Android,organic,phone
u_00269,2024-02-27,JP,iOS,email,phone
u_00270,2024-01-10,US,iOS,organic,phone
u_00271,2024-02-18,BR,iOS,email,phone
u_00272,2024-01-30,BR,Android,paid_social,tablet
u_00273,2024-02-06,CA,Android,organic,tablet
u_00274,2024-01-21,US,iOS,paid_social,phone
u_00275,2024-01-18,FR,iOS,organic,phone
u_00276,2024-01-03,US,Android,organic,tablet
u_00277,2024-02-24,US,Android,organic,phone
u_00278,2024-02-20,BR,iOS,influencer,phone
u_00279,2024-01-13,US,Android,organic,phone
u_00280,2024-01-07,JP,Android,email,phone
u_00281,2024-02-11,US,iOS,paid_social,phone
u_00282,2024-02-03,FR,iOS,influencer,phone
u_00283,2024-02-19,GB,Android,paid_search,phone
u_00284,2024-01-05,US,Android,organic,phone
u_00285,2024-02-24,CA,Android,influencer,phone
u_00286,2024-02-07,CA,Android,organic,phone
u_00287,2024-02-12,GB,Android,email,phone
u_00288,2024-01-25,CA,iOS,organic,phone
u_00289,2024-03-01,BR,Android,paid_social,phone
u_00290,2024-01-28,DE,iOS,organic,tablet
u_00291,2024-01-22,MX,Android,organic,phone
u_00292,2024-01-05,US,Android,paid_social,phone
u_00293,2024-02-17,KR,iOS,organic,phone
u_00294,2024-01-09,FR,iOS,organic,phone
u_00295,2024-02-09,JP,iOS,paid_social,phone
u_00296,2024-02-13,BR,Android,paid_social,phone
u_00297,2024-02-20,GB,Android,organic,phone
u_00298,2024-01-31,AU,iOS,paid_search,phone
u_00299,2024-01-29,DE,iOS,organic,phone
u_00300,2024-01-11,JP,Android,organic,phone
u_00301,2024-02-11,DE,iOS,email,phone
u_00302,2024-02-03,KR,iOS,paid_search,phone
u_00303,2024-02-27,DE,Android,organic,tablet
u_00304,2024-02-22,DE,iOS,organic,phone
u_00305,2024-02-02,GB,iOS,organic,phone
u_00306,2024-01-21,AU,Android,paid_social,phone
u_00307,2024-01-09,US,Android,paid_social,phone
u_00308,2024-02-18,BR,iOS,organic,phone
u_00309,2024-01-17,US,iOS,email,phone
u_00310,2024-01-28,US,iOS,organic,phone
u_00311,2024-01-27,CA,Android,organic,phone
u_00312,2024-02-01,FR,iOS,paid_social,phone
u_00313,2024-01-10,US,iOS,organic,phone
u_00314,2024-01-12,CA,iOS,email,phone
u_00315,2024-02-03,FR,Android,paid_social,phone
u_00316,2024-02-25,DE,Android,email,phone
u_00317,2024-01-02,GB,iOS,organic,phone
u_00318,2024-01-07,BR,Android,organic,phone
u_00319,2024-02-04,GB,Android,influencer,phone
u_00320,2024-02-14,DE,iOS,organic,phone
u_00321,2024-03-01,DE,iOS,organic,phone
u_00322,2024-01-03,US,iOS,organic,phone
u_00323,2024-01-31,US,Android,organic,phone
u_00324,2024-02-19,US,Android,organic,phone
u_00325,2024-01-28,KR,Android,influencer,phone
u_00326,2024-01-12,DE,Android,email,phone
u_00327,2024-02-21,US,iOS,paid_social,tablet
u_00328,2024-01-12,FR,iOS,organic,phone
u_00329,2024-01-20,GB,Android,organic,phone
u_00330,2024-01-29,US,Android,organic,tablet
u_00331,2024-01-18,CA,Android,organic,phone
u_00332,2024-01-26,GB,Android,paid_search,tablet
u_00333,2024-01-10,KR,Android,paid_social,phone
u_00334,2024-01-16,JP,iOS,organic,phone
u_00335,2024-02-08,US,iOS,organic,phone
u_00336,2024-01-05,FR,Android,organic,phone
u_00337,2024-01-16,MX,iOS,organic,phone
u_00338,2024-02-28,FR,iOS,organic,phone
u_00339,2024-02-09,US,Android,paid_social,phone
u_00340,2024-02-24,US,iOS,paid_search,tablet
u_00341,2024-02-21,CA,Android,organic,phone
u_00342,2024-01-05,FR,iOS,organic,phone
u_00343,2024-02-15,AU,Android,paid_search,phone
u_00344,2024-01-08,MX,Android,organic,phone
u_00345,2024-01-24,FR,iOS,influencer,phone
u_00346,2024-02-09,KR,iOS,organic,phone
u_00347,2024-01-31,DE,Android,influencer,phone
u_00348,2024-01-21,CA,iOS,paid_search,phone
u_00349,2024-02-26,JP,Android,paid_social,phone
u_00350,2024-01-09,GB,Android,organic,phone
u_00351,2024-01-10,US,iOS,email,phone
u_00352,2024-03-01,AU,Android,influencer,phone
u_00353,2024-02-10,MX,iOS,paid_social,phone
u_00354,2024-01-06,DE,iOS,email,phone
u_00355,2024-02-12,CA,Android,organic,tablet
u_00356,2024-01-03,JP,iOS,organic,phone
u_00357,2024-02-06,US,iOS,paid_social,phone
u_00358,2024-01-02,DE,Android,organic,tablet
u_00359,2024-01-31,US,Android,paid_social,phone
u_00360,2024-02-14,US,iOS,paid_social,phone
u_00361,2024-02-08,US,Android,organic,tablet
u_00362,2024-01-23,MX,iOS,organic,phone
u_00363,2024-01-21,US,iOS,paid_social,phone
u_00364,2024-01-04,US,iOS,paid_social,phone
u_00365,2024-02-25,AU,Android,email,phone
u_00366,2024-01-13,BR,Android,paid_social,phone
u_00367,2024-01-20,DE,iOS,organic,phone
u_00368,2024-01-16,US,iOS,organic,phone
u_00369,2024-02-26,KR,Android,organic,phone
u_00370,2024-01-07,GB,Android,paid_search,phone
u_00371,2024-01-24,US,iOS,paid_social,phone
u_00372,2024-01-19,US,Android,paid_search,phone
u_00373,2024-02-09,CA,iOS,email,phone
u_00374,2024-02-20,MX,Android,organic,phone
u_00375,2024-02-08,DE,Android,organic,phone
u_00376,2024-01-22,JP,Android,organic,tablet
u_00377,2024-01-09,US,Android,organic,tablet
u_00378,2024-02-17,JP,Android,paid_social,phone
u_00379,2024-02-01,BR,iOS,influencer,phone
u_00380,2024-02-13,US,iOS,organic,tablet
u_00381,2024-02-25,BR,iOS,paid_social,tablet
u_00382,2024-02-20,MX,Android,organic,phone
u_00383,2024-01-31,US,Android,paid_social,phone
u_00384,2024-01-10,JP,iOS,paid_social,phone
u_00385,2024-01-13,US,iOS,organic,phone
u_00386,2024-01-27,DE,Android,paid_social,phone
u_00387,2024-02-16,US,iOS,organic,phone
u_00388,2024-02-12,DE,iOS,email,phone
u_00389,2024-02-04,GB,iOS,paid_search,phone
u_00390,2024-02-11,JP,iOS,paid_social,tablet
u_00391,2024-01-18,FR,iOS,email,phone
u_00392,2024-01-19,BR,Android,paid_social,phone
u_00393,2024-02-05,AU,Android,organic,phone
u_00394,2024-02-13,FR,Android,organic,phone
u_00395,2024-02-19,JP,iOS,organic,phone
u_00396,2024-01-23,AU,Android,paid_search,phone
u_00397,2024-02-22,DE,Android,paid_search,phone
u_00398,2024-02-09,BR,iOS,organic,tablet
u_00399,2024-01-15,CA,iOS,paid_social,phone
u_00400,2024-01-07,CA,iOS,email,tablet
u_00401,2024-01-11,GB,Android,influencer,phone
u_00402,2024-01-13,BR,iOS,organic,phone
u_00403,2024-02-19,US,Android,paid_social,phone
u_00404,2024-02-29,US,Android,paid_social,phone
u_00405,2024-02-29,AU,Android,organic,phone
u_00406,2024-02-29,BR,Android,organic,phone
u_00407,2024-01-20,FR,iOS,email,phone
u_00408,2024-02-11,FR,Android,email,tablet
u_00409,2024-01-30,US,Android,organic,phone
u_00410,2024-02-11,US,iOS,paid_search,phone
u_00411,2024-02-06,CA,iOS,paid_social,phone
u_00412,2024-01-26,JP,Android,organic,phone
u_00413,2024-01-12,MX,Android,email,phone
u_00414,2024-01-25,US,Android,email,phone
u_00415,2024-02-16,FR,iOS,organic,phone
u_00416,2024-02-12,US,iOS,paid_social,phone
u_00417,2024-02-27,KR,Android,paid_search,phone
u_00418,2024-03-01,US,Android,organic,phone
u_00419,2024-01-10,DE,Android,organic,phone
u_00420,2024-02-28,DE,Android,paid_search,phone
u_00421,2024-01-16,CA,Android,paid_search,phone
u_00422,2024-02-03,BR,iOS,paid_social,phone
u_00423,2024-02-05,AU,iOS,paid_social,phone
u_00424,2024-02-24,DE,iOS,organic,phone
u_00425,2024-01-06,AU,iOS,organic,phone
u_00426,2024-01-27,DE,iOS,paid_social,phone
u_00427,2024-02-16,US,iOS,organic,phone
u_00428,2024-01-05,US,iOS,organic,tablet
u_00429,2024-02-29,KR,Android,paid_social,phone
u_00430,2024-01-12,BR,Android,email,phone
u_00431,2024-01-27,GB,Android,paid_social,tablet
u_00432,2024-01-25,GB,Android,paid_search,phone
u_00433,2024-02-11,KR,iOS,email,phone
u_00434,2024-01-09,BR,iOS,organic,phone
u_00435,2024-01-20,DE,Android,paid_social,phone
u_00436,2024-01-15,US,iOS,organic,tablet
u_00437,2024-02-16,BR,iOS,paid_search,phone
u_00438,2024-02-29,KR,iOS,organic,phone
u_00439,2024-01-03,GB,Android,influencer,phone
u_00440,2024-01-03,GB,iOS,organic,tablet
u_00441,2024-01-04,US,Android,organic,tablet
u_00442,2024-02-06,US,Android,paid_search,phone
u_00443,2024-01-20,KR,Android,paid_social,phone
u_00444,2024-01-18,US,Android,influencer,tablet
u_00445,2024-02-10,CA,Android,organic,phone
u_00446,2024-02-11,CA,Android,organic,phone
u_00447,2024-01-10,US,iOS,paid_social,phone
u_00448,2024-01-15,US,Android,influencer,tablet
u_00449,2024-02-05,GB,iOS,paid_social,phone
u_00450,2024-01-17,US,Android,email,phone
u_00451,2024-01-06,DE,Android,organic,phone
u_00452,2024-02-08,FR,Android,organic,phone
u_00453,2024-02-16,CA,iOS,organic,tablet
u_00454,2024-01-20,MX,iOS,email,tablet
u_00455,2024-01-08,BR,Android,influencer,phone
u_00456,2024-02-15,US,Android,paid_social,phone
u_00457,2024-01-25,DE,Android,organic,phone
u_00458,2024-02-26,DE,iOS,email,phone
u_00459,2024-02-23,US,iOS,organic,phone
u_00460,2024-02-25,US,iOS,organic,tablet
u_00461,2024-02-07,BR,iOS,organic,phone
u_00462,2024-02-06,JP,Android,paid_search,phone
u_00463,2024-01-17,BR,Android,paid_search,phone
u_00464,2024-01-30,US,Android,organic,phone
u_00465,2024-02-01,US,Android,email,tablet
u_00466,2024-02-03,US,Android,email,phone
u_00467,2024-02-18,US,iOS,paid_social,phone
u_00468,2024-01-10,US,Android,organic,phone
u_00469,2024-02-12,AU,Android,paid_search,phone
u_00470,2024-02-04,FR,iOS,paid_social,phone
u_00471,2024-01-19,US,Android,paid_search,phone
u_00472,2024-02-28,US,Android,paid_social,phone
u_00473,2024-02-09,DE,Android,organic,phone
u_00474,2024-01-24,MX,Android,organic,phone
u_00475,2024-01-20,CA,Android,paid_search,tablet
u_00476,2024-02-18,US,iOS,organic,phone
u_00477,2024-02-10,US,iOS,paid_social,phone
u_00478,2024-02-20,US,Android,email,tablet
u_00479,2024-02-28,US,iOS,influencer,tablet
u_00480,2024-01-31,US,Android,paid_search,phone
u_00481,2024-02-04,FR,iOS,email,phone
u_00482,2024-01-14,FR,Android,paid_search,phone
u_00483,2024-01-05,US,Android,paid_social,phone
u_00484,2024-02-13,KR,iOS,paid_search,phone
u_00485,2024-02-14,BR,Android,email,phone
u_00486,2024-01-28,US,iOS,paid_social,phone
u_00487,2024-02-08,GB,Android,organic,phone
u_00488,2024-01-29,DE,iOS,email,phone
u_00489,2024-02-13,FR,iOS,paid_search,phone
u_00490,2024-01-16,BR,iOS,organic,phone
u_00491,2024-02-10,US,iOS,organic,phone
u_00492,2024-03-01,US,iOS,organic,phone
u_00493,2024-01-12,GB,Android,paid_social,phone
u_00494,2024-01-06,GB,iOS,paid_social,phone
u_00495,2024-01-25,US,iOS,paid_search,phone
u_00496,2024-02-05,AU,Android,paid_social,phone
u_00497,2024-01-25,US,iOS,organic,phone
u_00498,2024-01-11,GB,iOS,paid_social,phone
u_00499,2024-01-17,MX,Android,paid_social,phone
u_00500,2024-01-30,US,iOS,email,phone
u_00501,2024-02-09,GB,Android,paid_social,phone
u_00502,2024-02-22,KR,Android,organic,phone
u_00503,2024-03-01,BR,Android,organic,phone
u_00504,2024-01-21,US,Android,paid_social,phone
u_00505,2024-01-16,US,iOS,paid_search,phone
u_00506,2024-02-29,FR,Android,paid_social,phone
u_00507,2024-02-05,US,Android,email,phone
u_00508,2024-02-21,US,Android,influencer,phone
u_00509,2024-01-27,CA,iOS,organic,phone
u_00510,2024-01-10,BR,Android,organic,tablet
u_00511,2024-01-31,FR,Android,email,tablet
u_00512,2024-01-27,FR,Android,organic,tablet
u_00513,2024-02-04,FR,Android,organic,phone
u_00514,2024-02-12,GB,Android,organic,tablet
u_00515,2024-02-13,CA,Android,organic,phone
u_00516,2024-01-07,US,iOS,paid_social,phone
u_00517,2024-02-07,BR,iOS,organic,phone
u_00518,2024-02-13,FR,Android,organic,phone
u_00519,2024-01-07,US,Android,organic,phone
u_00520,2024-02-16,US,iOS,paid_social,phone
u_00521,2024-01-31,GB,iOS,paid_search,phone
u_00522,2024-01-05,US,Android,organic,phone
u_00523,2024-02-11,US,Android,email,phone
u_00524,2024-02-03,US,iOS,paid_social,tablet
u_00525,2024-01-15,JP,Android,organic,phone
u_00526,2024-01-26,US,Android,organic,phone
u_00527,2024-01-25,US,iOS,organic,phone
u_00528,2024-02-20,US,iOS,influencer,phone
u_00529,2024-01-21,US,iOS,paid_search,phone
u_00530,2024-02-10,US,iOS,organic,phone
u_00531,2024-01-23,KR,Android,influencer,phone
u_00532,2024-01-20,AU,Android,paid_search,phone
u_00533,2024-01-16,US,iOS,paid_search,phone
u_00534,2024-01-27,FR,Android,paid_social,phone
u_00535,2024-02-04,BR,Android,email,phone
u_00536,2024-02-01,US,iOS,influencer,phone
u_00537,2024-02-25,GB,iOS,organic,phone
u_00538,2024-02-05,DE,Android,paid_search,phone
u_00539,2024-02-23,GB,iOS,paid_social,phone
u_00540,2024-01-15,US,iOS,paid_social,phone
u_00541,2024-01-30,FR,Android,paid_social,phone
u_00542,2024-02-06,US,Android,influencer,phone
u_00543,2024-02-22,BR,Android,paid_social,phone
u_00544,2024-01-28,US,Android,paid_search,phone
u_00545,2024-01-03,DE,iOS,influencer,phone
u_00546,2024-01-08,JP,iOS,influencer,phone
u_00547,2024-01-23,KR,Android,paid_social,phone
u_00548,2024-02-20,US,iOS,organic,phone
u_00549,2024-01-18,FR,iOS,email,phone
u_00550,2024-02-06,US,Android,email,phone
u_00551,2024-01-07,US,Android,paid_social,phone
u_00552,2024-01-18,KR,iOS,influencer,phone
u_00553,2024-02-15,US,iOS,influencer,phone
u_00554,2024-01-10,FR,iOS,paid_social,phone
u_00555,2024-02-10,JP,Android,paid_social,phone
u_00556,2024-02-14,AU,iOS,email,phone
u_00557,2024-01-01,KR,Android,organic,tablet
u_00558,2024-02-10,CA,iOS,organic,phone
u_00559,2024-01-14,MX,Android,paid_social,phone
u_00560,2024-01-19,GB,Android,paid_social,phone
u_00561,2024-01-22,KR,Android,organic,phone
u_00562,2024-02-23,DE,iOS,influencer,phone
u_00563,2024-01-01,MX,iOS,email,tablet
u_00564,2024-02-26,CA,iOS,email,phone
u_00565,2024-02-11,GB,iOS,paid_search,phone
u_00566,2024-01-04,GB,iOS,paid_search,phone
u_00567,2024-02-11,US,iOS,organic,phone
u_00568,2024-02-07,US,Android,organic,phone
u_00569,2024-02-22,US,Android,paid_search,phone
u_00570,2024-01-15,GB,Android,organic,phone
u_00571,2024-02-26,US,iOS,influencer,tablet
u_00572,2024-02-11,MX,iOS,paid_social,phone
u_00573,2024-02-11,US,iOS,organic,phone
u_00574,2024-02-28,GB,Android,influencer,phone
u_00575,2024-01-07,US,iOS,paid_search,phone
u_00576,2024-01-28,US,iOS,organic,phone
u_00577,2024-02-05,FR,Android,organic,tablet
u_00578,2024-01-02,KR,Android,organic,phone
u_00579,2024-02-02,US,iOS,paid_social,phone
u_00580,2024-02-20,MX,Android,organic,phone
u_00581,2024-02-08,US,Android,organic,phone
u_00582,2024-01-21,US,Android,paid_social,phone
u_00583,2024-02-13,US,Android,email,phone
u_00584,2024-02-07,US,iOS,organic,phone
u_00585,2024-02-20,GB,iOS,paid_search,phone
u_00586,2024-01-28,BR,iOS,paid_social,phone
u_00587,2024-01-18,US,iOS,email,tablet
u_00588,2024-01-10,DE,iOS,paid_social,phone
u_00589,2024-02-13,CA,iOS,paid_social,tablet
u_00590,2024-01-16,US,iOS,paid_social,phone
u_00591,2024-02-08,US,Android,paid_search,phone
u_00592,2024-01-01,BR,Android,organic,tablet
u_00593,2024-02-03,DE,Android,organic,phone
u_00594,2024-02-17,JP,iOS,influencer,phone
u_00595,2024-01-02,US,iOS,paid_social,phone
u_00596,2024-02-06,CA,Android,paid_social,phone
u_00597,2024-02-24,FR,iOS,organic,phone
u_00598,2024-02-06,CA,iOS,paid_search,phone
u_00599,2024-02-24,KR,iOS,paid_social,phone
u_00600,2024-01-10,US,Android,organic,phone
u_00601,2024-02-15,BR,iOS,organic,phone
u_00602,2024-02-16,US,Android,paid_social,phone
u_00603,2024-02-13,AU,iOS,influencer,tablet
u_00604,2024-01-26,US,Android,organic,phone
u_00605,2024-01-21,US,Android,organic,phone
u_00606,2024-02-20,US,Android,paid_social,phone
u_00607,2024-02-01,MX,Android,paid_search,phone
u_00608,2024-02-20,US,iOS,paid_social,phone
u_00609,2024-01-23,CA,Android,organic,phone
u_00610,2024-02-18,CA,Android,paid_search,phone
u_00611,2024-02-03,MX,iOS,email,tablet
u_00612,2024-01-10,BR,iOS,email,tablet
u_00613,2024-02-03,GB,Android,paid_social,phone
u_00614,2024-02-07,US,iOS,influencer,phone
u_00615,2024-02-06,US,Android,organic,phone
u_00616,2024-02-24,US,Android,paid_search,phone
u_00617,2024-01-21,DE,iOS,email,phone
u_00618,2024-02-19,FR,iOS,organic,phone
u_00619,2024-01-27,US,iOS,paid_search,phone
u_00620,2024-01-30,US,iOS,organic,phone
u_00621,2024-02-22,BR,Android,organic,tablet
u_00622,2024-01-10,US,iOS,organic,phone
u_00623,2024-02-13,US,Android,organic,tablet
u_00624,2024-02-24,DE,Android,organic,phone
u_00625,2024-02-21,JP,iOS,organic,phone
u_00626,2024-01-15,US,Android,organic,phone
u_00627,2024-02-11,US,Android,influencer,phone
u_00628,2024-01-05,US,Android,influencer,phone
u_00629,2024-02-24,JP,iOS,organic,phone
u_00630,2024-01-11,AU,iOS,paid_search,phone
u_00631,2024-01-25,CA,iOS,organic,phone
u_00632,2024-01-18,GB,iOS,paid_social,phone
u_00633,2024-02-11,US,iOS,paid_social,phone
u_00634,2024-01-18,GB,iOS,paid_social,phone
u_00635,2024-01-16,CA,Android,paid_search,tablet
u_00636,2024-02-20,BR,Android,paid_search,phone
u_00637,2024-02-06,DE,iOS,organic,phone
u_00638,2024-01-15,US,Android,organic,phone
u_00639,2024-01-31,DE,Android,email,tablet
u_00640,2024-01-07,US,iOS,paid_social,phone
u_00641,2024-02-17,US,Android,organic,phone
u_00642,2024-02-21,GB,Android,email,phone
u_00643,2024-01-16,FR,Android,paid_search,tablet
u_00644,2024-01-02,BR,iOS,paid_social,phone
u_00645,2024-03-01,US,Android,influencer,phone
u_00646,2024-01-20,US,iOS,organic,phone
u_00647,2024-01-02,DE,iOS,influencer,phone
u_00648,2024-01-09,GB,iOS,influencer,tablet
u_00649,2024-01-04,US,Android,influencer,phone
u_00650,2024-02-24,DE,iOS,organic,phone
u_00651,2024-02-12,GB,iOS,organic,phone
u_00652,2024-01-11,BR,iOS,paid_social,phone
u_00653,2024-01-21,US,Android,paid_search,tablet
u_00654,2024-02-20,GB,Android,influencer,phone
u_00655,2024-02-16,BR,iOS,paid_search,tablet
u_00656,2024-03-01,FR,Android,paid_search,phone
u_00657,2024-01-12,FR,Android,email,phone
u_00658,2024-02-06,US,Android,organic,phone
u_00659,2024-01-23,MX,iOS,influencer,phone
u_00660,2024-02-15,CA,Android,organic,phone
u_00661,2024-01-14,US,iOS,organic,phone
u_00662,2024-01-01,US,iOS,paid_social,phone
u_00663,2024-01-27,DE,iOS,paid_social,phone
u_00664,2024-01-31,JP,Android,paid_search,phone
u_00665,2024-01-29,US,Android,organic,phone
u_00666,2024-03-01,US,iOS,influencer,phone
u_00667,2024-01-05,FR,Android,organic,phone
u_00668,2024-02-09,KR,Android,paid_social,phone
u_00669,2024-02-08,KR,iOS,organic,phone
u_00670,2024-01-13,GB,Android,email,phone
u_00671,2024-02-12,US,iOS,organic,phone
u_00672,2024-02-23,DE,iOS,organic,phone
u_00673,2024-02-22,CA,Android,organic,phone
u_00674,2024-01-11,CA,Android,paid_social,phone
u_00675,2024-02-20,GB,Android,paid_search,phone
u_00676,2024-02-04,GB,iOS,organic,phone
u_00677,2024-01-03,US,Android,organic,phone
u_00678,2024-01-04,US,Android,organic,phone
u_00679,2024-02-21,FR,Android,paid_social,phone
u_00680,2024-02-23,GB,Android,email,phone
u_00681,2024-02-29,DE,Android,paid_social,phone
u_00682,2024-02-27,KR,iOS,paid_social,phone
u_00683,2024-02-06,CA,Android,organic,phone
u_00684,2024-01-12,MX,iOS,organic,phone
u_00685,2024-01-03,GB,Android,paid_social,tablet
u_00686,2024-02-10,US,Android,organic,phone
u_00687,2024-02-21,US,iOS,organic,phone
u_00688,2024-01-18,DE,Android,organic,phone
u_00689,2024-02-07,DE,iOS,paid_social,phone
u_00690,2024-02-07,FR,Android,organic,phone
u_00691,2024-02-19,US,iOS,paid_social,phone
u_00692,2024-01-27,US,Android,paid_social,phone
u_00693,2024-01-12,US,iOS,paid_social,phone
u_00694,2024-01-03,GB,Android,paid_search,phone
u_00695,2024-01-31,AU,Android,organic,phone
u_00696,2024-01-20,US,Android,influencer,phone
u_00697,2024-02-25,US,iOS,paid_search,phone
u_00698,2024-01-21,US,iOS,paid_social,phone
u_00699,2024-01-14,AU,iOS,paid_social,phone
u_00700,2024-01-24,JP,Android,organic,phone
u_00701,2024-02-02,GB,Android,paid_social,phone
u_00702,2024-01-12,US,Android,influencer,phone
u_00703,2024-01-30,US,iOS,organic,phone
u_00704,2024-01-30,DE,Android,organic,phone
u_00705,2024-01-24,DE,iOS,email,phone
u_00706,2024-02-05,GB,iOS,influencer,phone
u_00707,2024-02-14,US,iOS,organic,tablet
u_00708,2024-02-19,MX,Android,paid_social,phone
u_00709,2024-01-18,CA,Android,influencer,tablet
u_00710,2024-02-13,US,Android,paid_social,phone
u_00711,2024-01-01,US,Android,email,phone
u_00712,2024-02-15,CA,iOS,organic,phone
u_00713,2024-01-17,US,iOS,paid_social,phone
u_00714,2024-02-07,US,Android,paid_search,phone
u_00715,2024-01-24,FR,Android,organic,phone
u_00716,2024-01-31,US,Android,paid_social,tablet
u_00717,2024-01-17,CA,Android,paid_search,phone
u_00718,2024-02-03,BR,Android,influencer,phone
u_00719,2024-02-08,GB,iOS,organic,phone
u_00720,2024-02-01,MX,iOS,paid_social,phone
u_00721,2024-01-03,FR,Android,influencer,phone
u_00722,2024-02-15,US,Android,paid_search,tablet
u_00723,2024-02-12,GB,iOS,organic,phone
u_00724,2024-02-05,US,iOS,organic,phone
u_00725,2024-02-21,FR,Android,email,tablet
u_00726,2024-02-11,US,iOS,paid_search,phone
u_00727,2024-02-20,KR,iOS,paid_social,phone
u_00728,2024-01-08,DE,Android,paid_social,tablet
u_00729,2024-01-05,DE,iOS,organic,phone
u_00730,2024-02-03,US,iOS,influencer,phone
u_00731,2024-01-13,GB,Android,influencer,tablet
u_00732,2024-01-10,US,Android,paid_search,phone
u_00733,2024-02-10,MX,iOS,organic,phone
u_00734,2024-01-14,BR,iOS,paid_search,phone
u_00735,2024-02-18,JP,iOS,paid_social,phone
u_00736,2024-01-28,MX,iOS,organic,phone
u_00737,2024-01-24,MX,Android,paid_search,phone
u_00738,2024-01-02,CA,Android,organic,phone
u_00739,2024-01-23,US,iOS,paid_social,phone
u_00740,2024-01-05,JP,iOS,organic,phone
u_00741,2024-02-08,DE,iOS,paid_search,phone
u_00742,2024-02-27,DE,Android,organic,tablet
u_00743,2024-02-21,GB,iOS,paid_search,phone
u_00744,2024-02-16,US,Android,organic,phone
u_00745,2024-02-20,US,Android,organic,phone
u_00746,2024-01-04,FR,iOS,organic,phone
u_00747,2024-01-04,BR,iOS,organic,phone
u_00748,2024-01-31,BR,iOS,paid_search,phone
u_00749,2024-01-27,CA,Android,organic,phone
u_00750,2024-01-09,GB,Android,paid_social,phone
u_00751,2024-01-19,US,iOS,organic,phone
u_00752,2024-01-17,JP,Android,organic,phone
u_00753,2024-01-11,US,Android,organic,tablet
u_00754,2024-01-22,US,iOS,organic,phone
u_00755,2024-02-06,CA,iOS,organic,phone
u_00756,2024-02-16,BR,Android,paid_social,phone
u_00757,2024-01-19,US,iOS,influencer,tablet
u_00758,2024-02-24,US,Android,organic,phone
u_00759,2024-01-07,KR,Android,organic,phone
u_00760,2024-02-11,US,iOS,paid_social,phone
u_00761,2024-02-26,BR,iOS,organic,phone
u_00762,2024-01-26,MX,iOS,organic,tablet
u_00763,2024-02-21,GB,Android,organic,phone
u_00764,2024-02-16,US,Android,organic,phone
u_00765,2024-02-07,DE,Android,paid_social,phone
u_00766,2024-02-19,GB,iOS,paid_search,phone
u_00767,2024-02-27,US,Android,organic,phone
u_00768,2024-01-03,US,Android,organic,tablet
u_00769,2024-02-03,BR,Android,paid_social,tablet
u_00770,2024-02-12,KR,Android,paid_search,phone
u_00771,2024-01-28,CA,iOS,organic,phone
u_00772,2024-01-25,US,Android,influencer,phone
u_00773,2024-01-01,CA,iOS,influencer,tablet
u_00774,2024-02-25,US,Android,organic,phone
u_00775,2024-01-18,US,iOS,paid_social,phone
u_00776,2024-01-16,US,iOS,paid_social,phone
u_00777,2024-02-01,GB,iOS,paid_social,phone
u_00778,2024-01-07,GB,iOS,paid_social,phone
u_00779,2024-02-20,FR,Android,organic,phone
u_00780,2024-01-14,CA,Android,organic,phone
u_00781,2024-02-22,US,Android,paid_social,phone
u_00782,2024-01-31,BR,iOS,paid_social,phone
u_00783,2024-02-12,US,iOS,influencer,tablet
u_00784,2024-01-19,FR,iOS,organic,tablet
u_00785,2024-02-01,US,Android,paid_search,phone
u_00786,2024-02-09,US,iOS,influencer,phone
u_00787,2024-02-22,JP,Android,organic,phone
u_00788,2024-02-29,CA,Android,organic,tablet
u_00789,2024-01-30,CA,Android,organic,phone
u_00790,2024-02-03,BR,Android,paid_social,phone
u_00791,2024-02-29,DE,Android,organic,phone
u_00792,2024-02-16,JP,iOS,paid_search,phone
u_00793,2024-01-21,DE,iOS,email,tablet
u_00794,2024-02-18,US,iOS,organic,phone
u_00795,2024-02-21,US,iOS,paid_search,phone
u_00796,2024-01-20,KR,Android,organic,phone
u_00797,2024-02-05,CA,iOS,paid_social,phone
u_00798,2024-01-23,AU,iOS,paid_search,tablet
u_00799,2024-01-12,DE,Android,organic,phone
u_00800,2024-01-23,FR,Android,email,phone
u_00801,2024-02-13,BR,Android,organic,phone
u_00802,2024-02-21,US,iOS,organic,phone
u_00803,2024-01-04,US,Android,organic,phone
u_00804,2024-01-17,US,iOS,paid_search,phone
u_00805,2024-02-04,US,Android,organic,tablet
u_00806,2024-02-17,FR,iOS,paid_social,phone
u_00807,2024-02-02,JP,Android,organic,phone
u_00808,2024-02-29,GB,iOS,paid_search,phone
u_00809,2024-02-05,US,Android,organic,tablet
u_00810,2024-02-25,KR,Android,influencer,phone
u_00811,2024-02-11,GB,Android,paid_search,phone
u_00812,2024-02-16,MX,iOS,organic,phone
u_00813,2024-01-12,MX,Android,organic,phone
u_00814,2024-01-18,FR,iOS,paid_social,phone
u_00815,2024-01-22,DE,Android,organic,tablet
u_00816,2024-02-08,US,Android,paid_social,phone
u_00817,2024-02-01,JP,Android,organic,phone
u_00818,2024-02-03,US,iOS,organic,phone
u_00819,2024-01-27,FR,iOS,organic,tablet
u_00820,2024-02-12,US,iOS,organic,phone
u_00821,2024-02-03,DE,Android,paid_search,phone
u_00822,2024-01-08,CA,iOS,influencer,phone
u_00823,2024-02-09,US,iOS,influencer,phone
u_00824,2024-02-20,MX,iOS,paid_social,phone
u_00825,2024-02-28,DE,Android,paid_social,phone
u_00826,2024-02-01,US,Android,organic,phone
u_00827,2024-03-01,US,Android,paid_search,phone
u_00828,2024-02-10,US,Android,paid_search,tablet
u_00829,2024-01-28,JP,iOS,influencer,tablet
u_00830,2024-02-17,BR,Android,email,phone
u_00831,2024-01-10,US,Android,organic,phone
u_00832,2024-01-12,JP,Android,paid_social,phone
u_00833,2024-01-17,GB,Android,paid_social,phone
u_00834,2024-01-25,CA,Android,paid_social,phone
u_00835,2024-02-18,BR,iOS,influencer,phone
u_00836,2024-02-02,US,Android,organic,phone
u_00837,2024-02-18,AU,iOS,influencer,phone
u_00838,2024-01-11,DE,iOS,organic,phone
u_00839,2024-02-04,US,Android,organic,tablet
u_00840,2024-02-20,KR,Android,email,phone
u_00841,2024-02-25,FR,iOS,organic,phone
u_00842,2024-02-04,FR,iOS,organic,phone
u_00843,2024-02-16,GB,iOS,paid_social,phone
u_00844,2024-01-11,US,Android,organic,phone
u_00845,2024-02-12,JP,Android,influencer,tablet
u_00846,2024-02-05,DE,Android,organic,phone
u_00847,2024-01-07,US,Android,email,phone
u_00848,2024-02-12,CA,iOS,paid_social,tablet
u_00849,2024-01-21,DE,iOS,paid_search,phone
u_00850,2024-01-10,FR,iOS,organic,phone
u_00851,2024-01-01,US,Android,paid_search,phone
u_00852,2024-01-18,JP,iOS,paid_search,tablet
u_00853,2024-01-30,GB,Android,paid_social,phone
u_00854,2024-02-11,FR,Android,influencer,phone
u_00855,2024-02-04,US,Android,paid_social,phone
u_00856,2024-02-27,US,Android,organic,phone
u_00857,2024-01-26,BR,iOS,organic,phone
u_00858,2024-02-27,MX,Android,paid_search,phone
u_00859,2024-01-15,KR,Android,influencer,phone
u_00860,2024-02-02,DE,iOS,paid_social,phone
u_00861,2024-02-24,MX,Android,paid_search,phone
u_00862,2024-01-09,GB,iOS,email,phone
u_00863,2024-01-10,BR,Android,organic,phone
u_00864,2024-02-01,US,iOS,organic,phone
u_00865,2024-02-03,AU,iOS,paid_social,phone
u_00866,2024-01-03,US,Android,organic,tablet
u_00867,2024-02-10,JP,Android,organic,phone
u_00868,2024-01-12,GB,iOS,paid_social,tablet
u_00869,2024-01-05,DE,iOS,influencer,phone
u_00870,2024-01-23,JP,iOS,paid_search,tablet
u_00871,2024-01-01,DE,iOS,organic,phone
u_00872,2024-02-11,US,iOS,organic,phone
u_00873,2024-02-22,US,iOS,influencer,phone
u_00874,2024-01-31,CA,Android,paid_social,phone
u_00875,2024-01-27,US,iOS,paid_social,phone
u_00876,2024-02-10,DE,Android,organic,phone
u_00877,2024-02-29,US,Android,paid_social,phone
u_00878,2024-01-02,KR,Android,influencer,tablet
u_00879,2024-01-14,GB,Android,influencer,phone
u_00880,2024-02-23,GB,iOS,paid_social,phone
u_00881,2024-02-09,CA,iOS,paid_search,phone
u_00882,2024-01-30,FR,iOS,organic,phone
u_00883,2024-01-02,US,Android,paid_social,phone
u_00884,2024-01-10,FR,iOS,influencer,phone
u_00885,2024-02-26,JP,Android,organic,phone
u_00886,2024-01-09,AU,Android,organic,tablet
u_00887,2024-02-13,CA,Android,organic,phone
u_00888,2024-02-03,GB,Android,paid_social,phone
u_00889,2024-01-23,FR,Android,paid_search,phone
u_00890,2024-01-07,GB,iOS,paid_search,tablet
u_00891,2024-01-06,US,Android,paid_social,phone
u_00892,2024-02-15,BR,iOS,paid_social,phone
u_00893,2024-01-25,CA,Android,organic,phone
u_00894,2024-01-10,GB,Android,organic,phone
u_00895,2024-02-06,GB,iOS,paid_search,phone
u_00896,2024-01-27,FR,Android,organic,phone
u_00897,2024-01-31,US,iOS,organic,phone
u_00898,2024-02-17,US,Android,organic,phone
u_00899,2024-02-20,BR,iOS,organic,phone
u_00900,2024-01-22,JP,Android,paid_search,phone
u_00901,2024-01-25,MX,iOS,organic,phone
u_00902,2024-02-29,FR,iOS,organic,phone
u_00903,2024-02-08,US,iOS,email,phone
u_00904,2024-02-03,US,Android,organic,phone
u_00905,2024-01-12,CA,iOS,organic,phone
u_00906,2024-02-21,DE,iOS,paid_search,phone
u_00907,2024-02-14,US,iOS,organic,phone
u_00908,2024-01-01,MX,iOS,organic,phone
u_00909,2024-02-12,GB,Android,paid_social,phone
u_00910,2024-01-05,AU,Android,paid_search,phone
u_00911,2024-02-07,GB,Android,organic,phone
u_00912,2024-01-13,DE,iOS,organic,phone
u_00913,2024-02-02,US,iOS,organic,tablet
u_00914,2024-02-21,DE,iOS,paid_social,phone
u_00915,2024-01-17,BR,Android,paid_social,phone
u_00916,2024-02-18,GB,Android,paid_search,tablet
u_00917,2024-02-25,US,iOS,organic,phone
u_00918,2024-01-15,CA,iOS,organic,tablet
u_00919,2024-02-03,DE,Android,organic,phone
u_00920,2024-01-26,CA,Android,organic,tablet
u_00921,2024-01-31,US,iOS,paid_social,phone
u_00922,2024-02-17,CA,Android,paid_social,phone
u_00923,2024-02-17,US,iOS,organic,phone
u_00924,2024-02-23,CA,iOS,organic,tablet
u_00925,2024-02-13,MX,Android,organic,tablet
u_00926,2024-01-03,KR,iOS,organic,tablet
u_00927,2024-02-26,KR,Android,paid_social,tablet
u_00928,2024-02-28,DE,iOS,paid_search,phone
u_00929,2024-02-03,JP,Android,paid_social,phone
u_00930,2024-01-26,KR,Android,paid_social,phone
u_00931,2024-02-03,DE,Android,organic,phone
u_00932,2024-02-07,US,iOS,influencer,phone
u_00933,2024-01-17,US,Android,paid_social,phone
u_00934,2024-02-01,GB,iOS,paid_search,phone
u_00935,2024-01-26,US,iOS,organic,phone
u_00936,2024-01-15,JP,Android,influencer,phone
u_00937,2024-02-24,GB,iOS,email,phone
u_00938,2024-02-21,US,iOS,organic,tablet
u_00939,2024-02-10,DE,Android,paid_search,phone
u_00940,2024-02-05,KR,iOS,organic,phone
u_00941,2024-01-14,JP,Android,paid_social,phone
u_00942,2024-01-22,US,iOS,paid_social,phone
u_00943,2024-01-23,US,iOS,influencer,tablet
u_00944,2024-01-13,FR,Android,paid_social,tablet
u_00945,2024-01-19,GB,Android,paid_social,phone
u_00946,2024-02-26,US,Android,paid_social,tablet
u_00947,2024-02-25,US,Android,organic,phone
u_00948,2024-02-06,GB,Android,organic,phone
u_00949,2024-01-21,US,iOS,organic,phone
u_00950,2024-01-18,KR,Android,email,phone
u_00951,2024-02-03,MX,iOS,organic,phone
u_00952,2024-02-16,US,iOS,paid_search,phone
u_00953,2024-01-14,US,iOS,organic,tablet
u_00954,2024-02-05,US,Android,paid_social,tablet
u_00955,2024-01-07,US,iOS,paid_search,tablet
u_00956,2024-01-20,US,Android,paid_social,phone
u_00957,2024-02-03,JP,iOS,paid_search,tablet
u_00958,2024-01-21,KR,Android,influencer,tablet
u_00959,2024-02-05,GB,Android,paid_search,phone
u_00960,2024-02-08,DE,Android,influencer,phone
u_00961,2024-02-10,CA,iOS,organic,phone
u_00962,2024-02-21,US,iOS,paid_social,phone
u_00963,2024-01-01,US,Android,influencer,phone
u_00964,2024-01-31,DE,Android,paid_social,phone
u_00965,2024-01-20,US,iOS,organic,phone
u_00966,2024-01-01,FR,iOS,influencer,phone
u_00967,2024-01-16,US,Android,organic,phone
u_00968,2024-01-17,US,Android,paid_social,phone
u_00969,2024-02-09,JP,Android,organic,phone
u_00970,2024-02-21,US,iOS,organic,phone
u_00971,2024-01-08,CA,Android,organic,phone
u_00972,2024-01-13,US,iOS,email,phone
u_00973,2024-01-07,US,iOS,paid_social,phone
u_00974,2024-01-06,US,Android,organic,phone
u_00975,2024-02-21,DE,iOS,paid_search,phone
u_00976,2024-01-06,KR,Android,organic,phone
u_00977,2024-01-05,FR,iOS,influencer,phone
u_00978,2024-01-25,JP,iOS,paid_search,phone
u_00979,2024-02-19,MX,iOS,email,phone
u_00980,2024-02-17,BR,Android,email,phone
u_00981,2024-02-13,MX,Android,organic,phone
u_00982,2024-02-17,AU,Android,organic,phone
u_00983,2024-01-13,GB,iOS,paid_search,tablet
u_00984,2024-01-16,CA,iOS,organic,phone
u_00985,2024-01-08,GB,iOS,email,phone
u_00986,2024-02-14,DE,Android,organic,phone
u_00987,2024-01-11,DE,Android,organic,tablet
u_00988,2024-02-18,CA,iOS,paid_social,phone
u_00989,2024-02-20,US,Android,organic,phone
u_00990,2024-02-11,BR,Android,paid_social,phone
u_00991,2024-02-14,GB,Android,organic,phone
u_00992,2024-02-15,GB,iOS,paid_search,phone
u_00993,2024-01-12,FR,iOS,paid_social,tablet
u_00994,2024-02-08,AU,Android,organic,phone
u_00995,2024-01-19,JP,Android,paid_social,phone
u_00996,2024-02-02,GB,iOS,organic,tablet
u_00997,2024-02-19,CA,iOS,organic,tablet
u_00998,2024-02-22,GB,Android,paid_social,phone
u_00999,2024-02-09,US,iOS,organic,phone
u_01000,2024-02-12,US,Android,organic,tablet
u_01001,2024-01-13,US,iOS,organic,phone
u_01002,2024-01-25,CA,Android,paid_search,phone
u_01003,2024-01-24,US,Android,organic,tablet
u_01004,2024-02-11,DE,Android,organic,phone
u_01005,2024-01-04,GB,Android,influencer,phone
u_01006,2024-02-20,BR,Android,organic,phone
u_01007,2024-01-05,JP,iOS,organic,phone
u_01008,2024-01-07,BR,Android,organic,phone
u_01009,2024-01-16,FR,Android,paid_social,phone
u_01010,2024-02-17,US,Android,organic,phone
u_01011,2024-02-12,GB,iOS,paid_search,phone
u_01012,2024-02-02,GB,iOS,email,phone
u_01013,2024-01-23,AU,Android,email,phone
u_01014,2024-01-27,BR,iOS,paid_search,phone
u_01015,2024-02-06,FR,iOS,paid_social,phone
u_01016,2024-01-24,MX,iOS,organic,phone
u_01017,2024-01-19,FR,Android,email,phone
u_01018,2024-01-20,MX,iOS,organic,phone
u_01019,2024-03-01,BR,iOS,paid_social,phone
u_01020,2024-02-29,FR,iOS,paid_social,phone
u_01021,2024-01-17,GB,Android,organic,phone
u_01022,2024-01-06,FR,Android,organic,phone
u_01023,2024-01-21,JP,iOS,influencer,phone
u_01024,2024-02-06,JP,iOS,paid_social,phone
u_01025,2024-02-21,FR,iOS,organic,phone
u_01026,2024-01-23,KR,iOS,email,phone
u_01027,2024-02-19,US,Android,paid_social,phone
u_01028,2024-02-19,CA,iOS,paid_social,phone
u_01029,2024-02-06,US,Android,organic,phone
u_01030,2024-02-16,MX,Android,paid_search,phone
u_01031,2024-01-06,US,iOS,organic,phone
u_01032,2024-01-06,DE,Android,paid_social,phone
u_01033,2024-01-26,DE,Android,organic,phone
u_01034,2024-02-05,US,iOS,paid_social,phone
u_01035,2024-02-17,DE,iOS,organic,phone
u_01036,2024-02-13,AU,iOS,paid_search,phone
u_01037,2024-01-23,US,iOS,paid_search,phone
u_01038,2024-01-11,MX,Android,email,phone
u_01039,2024-01-10,GB,Android,organic,phone
u_01040,2024-01-10,BR,Android,organic,phone
u_01041,2024-03-01,CA,iOS,influencer,phone
u_01042,2024-01-22,BR,iOS,paid_social,phone
u_01043,2024-01-14,BR,iOS,paid_social,phone
u_01044,2024-02-05,DE,Android,organic,phone
u_01045,2024-01-02,GB,Android,paid_social,phone
u_01046,2024-01-04,US,Android,paid_social,phone
u_01047,2024-02-11,MX,iOS,paid_search,phone
u_01048,2024-02-28,CA,Android,organic,tablet
u_01049,2024-02-11,GB,Android,paid_social,phone
u_01050,2024-02-27,US,Android,paid_social,phone
u_01051,2024-02-02,MX,Android,paid_search,phone
u_01052,2024-02-29,DE,iOS,organic,phone
u_01053,2024-01-23,CA,iOS,organic,tablet
u_01054,2024-02-02,US,iOS,organic,phone
u_01055,2024-02-22,MX,Android,email,phone
u_01056,2024-01-22,KR,Android,organic,phone
u_01057,2024-02-13,FR,Android,organic,phone
u_01058,2024-01-10,GB,iOS,paid_social,phone
u_01059,2024-01-09,US,iOS,paid_social,phone
u_01060,2024-02-25,US,Android,influencer,tablet
u_01061,2024-01-28,MX,Android,organic,tablet
u_01062,2024-02-28,US,iOS,paid_social,phone
u_01063,2024-01-12,US,Android,paid_search,phone
u_01064,2024-02-26,MX,Android,organic,phone
u_01065,2024-02-22,KR,Android,organic,phone
u_01066,2024-01-07,US,iOS,email,phone
u_01067,2024-02-08,FR,iOS,organic,phone
u_01068,2024-01-23,US,Android,organic,phone
u_01069,2024-01-31,BR,iOS,influencer,phone
u_01070,2024-01-09,US,iOS,paid_social,tablet
u_01071,2024-02-29,US,iOS,paid_search,tablet
u_01072,2024-02-18,US,iOS,email,phone
u_01073,2024-02-09,DE,iOS,paid_social,phone
u_01074,2024-01-26,JP,Android,influencer,phone
u_01075,2024-01-26,FR,Android,paid_social,phone
u_01076,2024-02-26,BR,iOS,organic,phone
u_01077,2024-02-26,US,Android,paid_social,phone
u_01078,2024-02-17,US,iOS,paid_search,tablet
u_01079,2024-01-13,US,iOS,organic,phone
u_01080,2024-01-30,US,iOS,influencer,phone
u_01081,2024-02-27,US,Android,paid_social,phone
u_01082,2024-01-08,US,Android,influencer,phone
u_01083,2024-01-26,GB,Android,organic,phone
u_01084,2024-02-15,KR,Android,organic,phone
u_01085,2024-02-11,AU,Android,paid_search,phone
u_01086,2024-01-08,BR,Android,organic,phone
u_01087,2024-02-16,JP,Android,email,phone
u_01088,2024-01-25,US,iOS,organic,tablet
u_01089,2024-02-25,US,Android,organic,phone
u_01090,2024-01-27,US,Android,email,phone
u_01091,2024-01-12,US,iOS,organic,phone
u_01092,2024-01-17,US,Android,paid_social,phone
u_01093,2024-02-08,KR,iOS,paid_social,phone
u_01094,2024-01-27,GB,Android,organic,tablet
u_01095,2024-01-18,CA,Android,influencer,phone
u_01096,2024-01-10,US,iOS,organic,phone
u_01097,2024-02-06,JP,iOS,email,phone
u_01098,2024-01-27,MX,iOS,organic,phone
u_01099,2024-02-14,FR,Android,organic,phone
u_01100,2024-02-07,GB,iOS,paid_search,phone
u_01101,2024-02-27,GB,iOS,paid_social,phone
u_01102,2024-01-19,DE,iOS,influencer,phone
u_01103,2024-01-27,DE,Android,paid_social,phone
u_01104,2024-02-16,MX,Android,organic,phone
u_01105,2024-02-08,AU,Android,organic,phone
u_01106,2024-01-21,US,Android,paid_social,tablet
u_01107,2024-02-09,FR,Android,paid_social,phone
u_01108,2024-01-12,KR,iOS,organic,phone
u_01109,2024-01-08,US,Android,organic,phone
u_01110,2024-02-21,FR,iOS,organic,phone
u_01111,2024-02-21,CA,iOS,organic,phone
u_01112,2024-02-20,US,iOS,paid_social,phone
u_01113,2024-01-08,BR,iOS,paid_search,phone
u_01114,2024-01-02,JP,iOS,influencer,tablet
u_01115,2024-01-31,AU,Android,paid_social,phone
u_01116,2024-02-10,DE,Android,influencer,phone
u_01117,2024-02-22,GB,Android,influencer,phone
u_01118,2024-02-16,CA,Android,organic,phone
u_01119,2024-01-22,JP,Android,organic,tablet
u_01120,2024-01-18,JP,iOS,organic,phone
u_01121,2024-01-11,FR,iOS,paid_social,tablet
u_01122,2024-02-18,US,Android,paid_search,phone
u_01123,2024-01-06,DE,iOS,paid_social,tablet
u_01124,2024-01-14,DE,iOS,organic,phone
u_01125,2024-01-13,AU,iOS,organic,phone
u_01126,2024-02-02,US,iOS,paid_social,tablet
u_01127,2024-01-20,JP,iOS,influencer,phone
u_01128,2024-03-01,DE,Android,organic,phone
u_01129,2024-01-25,BR,Android,organic,tablet
u_01130,2024-02-13,KR,Android,organic,tablet
u_01131,2024-01-07,DE,Android,organic,phone
u_01132,2024-01-20,CA,iOS,organic,phone
u_01133,2024-02-04,US,iOS,organic,phone
u_01134,2024-01-18,US,Android,paid_social,phone
u_01135,2024-02-04,GB,iOS,organic,phone
u_01136,2024-01-19,FR,iOS,organic,tablet
u_01137,2024-02-04,GB,iOS,paid_social,phone
u_01138,2024-01-07,GB,iOS,organic,phone
u_01139,2024-02-27,FR,Android,paid_search,phone
u_01140,2024-01-20,US,iOS,paid_search,phone
u_01141,2024-01-06,MX,Android,paid_social,phone
u_01142,2024-02-22,JP,Android,organic,phone
u_01143,2024-02-11,BR,Android,organic,phone
u_01144,2024-02-25,KR,iOS,organic,phone
u_01145,2024-02-28,CA,Android,influencer,phone
u_01146,2024-01-02,US,iOS,paid_social,phone
u_01147,2024-01-19,BR,Android,organic,phone
u_01148,2024-02-22,BR,iOS,paid_social,phone
u_01149,2024-01-20,DE,iOS,paid_social,phone
u_01150,2024-02-05,US,Android,organic,phone
u_01151,2024-02-14,FR,Android,paid_social,phone
u_01152,2024-02-04,BR,iOS,paid_search,phone
u_01153,2024-02-15,FR,Android,paid_social,phone
u_01154,2024-02-05,US,iOS,organic,phone
u_01155,2024-02-08,US,Android,paid_search,phone
u_01156,2024-02-01,CA,iOS,organic,phone
u_01157,2024-02-07,AU,Android,organic,phone
u_01158,2024-01-10,DE,iOS,paid_social,phone
u_01159,2024-01-14,CA,iOS,paid_social,tablet
u_01160,2024-01-20,AU,Android,paid_search,tablet
u_01161,2024-01-06,FR,Android,paid_social,phone
u_01162,2024-02-24,US,iOS,paid_social,phone
u_01163,2024-02-15,FR,Android,organic,phone
u_01164,2024-01-02,US,Android,organic,phone
u_01165,2024-01-25,GB,iOS,organic,phone
u_01166,2024-01-09,US,iOS,email,phone
u_01167,2024-01-10,US,Android,organic,phone
u_01168,2024-02-11,US,Android,paid_social,phone
u_01169,2024-01-09,US,Android,paid_social,phone
u_01170,2024-02-20,BR,Android,paid_social,phone
u_01171,2024-01-28,FR,Android,organic,phone
u_01172,2024-02-08,US,Android,paid_search,phone
u_01173,2024-01-18,GB,Android,organic,tablet
u_01174,2024-02-06,DE,iOS,paid_social,tablet
u_01175,2024-01-06,US,Android,email,tablet
u_01176,2024-02-19,US,Android,paid_social,phone
u_01177,2024-01-16,DE,Android,email,phone
u_01178,2024-02-10,DE,Android,paid_social,tablet
u_01179,2024-02-04,JP,Android,paid_social,phone
u_01180,2024-02-16,US,iOS,email,phone
u_01181,2024-01-11,US,Android,paid_search,phone
u_01182,2024-02-06,US,Android,paid_social,phone
u_01183,2024-02-12,MX,Android,paid_social,phone
u_01184,2024-01-06,US,iOS,paid_search,phone
u_01185,2024-02-09,US,Android,organic,phone
u_01186,2024-01-12,AU,Android,paid_search,phone
u_01187,2024-01-12,US,Android,paid_social,phone
u_01188,2024-02-25,US,Android,email,phone
u_01189,2024-02-22,US,Android,email,phone
u_01190,2024-01-16,CA,Android,organic,phone
u_01191,2024-02-23,GB,Android,paid_search,phone
u_01192,2024-01-11,DE,Android,paid_social,tablet
u_01193,2024-02-29,DE,iOS,paid_search,phone
u_01194,2024-01-10,DE,iOS,organic,phone
u_01195,2024-01-25,CA,Android,paid_search,phone
u_01196,2024-02-28,DE,iOS,influencer,phone
u_01197,2024-02-11,KR,iOS,organic,phone
u_01198,2024-02-11,FR,Android,paid_search,phone
u_01199,2024-02-13,FR,iOS,organic,phone
u_01200,2024-01-12,US,iOS,organic,phone
u_01201,2024-01-27,US,iOS,paid_social,phone
u_01202,2024-01-19,US,iOS,paid_social,phone
u_01203,2024-02-08,CA,Android,email,phone
u_01204,2024-02-15,MX,iOS,paid_social,phone
u_01205,2024-02-18,AU,Android,email,tablet
u_01206,2024-02-14,US,iOS,paid_search,phone
u_01207,2024-01-30,AU,iOS,paid_social,tablet
u_01208,2024-02-19,BR,iOS,paid_search,phone
u_01209,2024-01-04,GB,iOS,organic,tablet
u_01210,2024-01-17,US,iOS,email,phone
u_01211,2024-01-26,US,Android,organic,phone
u_01212,2024-01-14,FR,iOS,paid_social,phone
u_01213,2024-01-03,US,Android,organic,phone
u_01214,2024-02-27,DE,Android,organic,phone
u_01215,2024-01-25,US,Android,influencer,phone
u_01216,2024-02-02,BR,Android,paid_social,phone
u_01217,2024-02-16,JP,Android,paid_social,phone
u_01218,2024-02-14,JP,Android,paid_social,tablet
u_01219,2024-01-23,US,iOS,organic,tablet
u_01220,2024-02-11,US,Android,email,phone
u_01221,2024-01-30,BR,iOS,organic,phone
u_01222,2024-01-25,CA,iOS,organic,phone
u_01223,2024-02-14,GB,iOS,paid_social,phone
u_01224,2024-01-09,US,iOS,email,phone
u_01225,2024-01-25,US,Android,organic,phone
u_01226,2024-02-23,JP,Android,organic,phone
u_01227,2024-01-22,JP,iOS,organic,phone
u_01228,2024-02-12,DE,Android,influencer,phone
u_01229,2024-02-17,FR,Android,organic,phone
u_01230,2024-02-11,US,Android,paid_social,phone
u_01231,2024-02-11,US,iOS,organic,phone
u_01232,2024-02-20,US,Android,influencer,phone
u_01233,2024-02-22,US,Android,paid_search,phone
u_01234,2024-02-21,US,iOS,influencer,phone
u_01235,2024-01-26,US,Android,paid_social,phone
u_01236,2024-02-23,MX,iOS,organic,phone
u_01237,2024-01-05,US,iOS,paid_social,phone
u_01238,2024-02-05,US,iOS,paid_social,phone
u_01239,2024-02-20,KR,Android,paid_search,phone
u_01240,2024-02-01,US,iOS,email,phone
u_01241,2024-02-07,KR,iOS,influencer,phone
u_01242,2024-02-14,US,iOS,organic,phone
u_01243,2024-01-16,AU,Android,organic,phone
u_01244,2024-02-01,FR,iOS,influencer,phone
u_01245,2024-01-27,US,iOS,organic,phone
u_01246,2024-01-07,CA,Android,email,phone
u_01247,2024-01-30,BR,Android,organic,phone
u_01248,2024-02-20,US,Android,influencer,phone
u_01249,2024-01-11,CA,iOS,paid_social,phone
u_01250,2024-01-28,US,Android,influencer,phone
u_01251,2024-01-07,BR,Android,organic,phone
u_01252,2024-02-01,DE,iOS,organic,phone
u_01253,2024-02-07,US,iOS,paid_search,phone
u_01254,2024-02-19,US,iOS,organic,phone
u_01255,2024-01-13,GB,iOS,paid_social,phone
u_01256,2024-02-26,GB,iOS,paid_social,phone
u_01257,2024-01-24,US,Android,paid_social,tablet
u_01258,2024-01-13,US,iOS,paid_social,phone
u_01259,2024-01-08,KR,Android,organic,phone
u_01260,2024-02-26,US,iOS,paid_search,tablet
u_01261,2024-02-27,US,Android,influencer,phone
u_01262,2024-02-24,DE,Android,organic,phone
u_01263,2024-01-30,US,Android,paid_search,phone
u_01264,2024-01-21,GB,iOS,email,tablet
u_01265,2024-02-28,FR,iOS,email,phone
u_01266,2024-01-31,BR,Android,paid_social,phone
u_01267,2024-02-21,JP,Android,paid_social,phone
u_01268,2024-02-05,BR,Android,paid_social,phone
u_01269,2024-01-23,US,Android,organic,phone
u_01270,2024-01-20,US,Android,paid_social,phone
u_01271,2024-01-30,DE,iOS,paid_search,phone
u_01272,2024-02-25,GB,Android,paid_social,tablet
u_01273,2024-01-05,GB,Android,paid_social,phone
u_01274,2024-02-18,US,Android,paid_social,phone
u_01275,2024-02-20,CA,Android,organic,tablet
u_01276,2024-02-02,MX,Android,influencer,phone
u_01277,2024-01-24,DE,iOS,organic,phone
u_01278,2024-02-15,US,Android,organic,tablet
u_01279,2024-01-16,FR,Android,paid_search,phone
u_01280,2024-02-25,MX,iOS,paid_search,phone
u_01281,2024-01-23,KR,Android,paid_social,phone
u_01282,2024-01-24,GB,Android,paid_social,phone
u_01283,2024-02-15,DE,Android,influencer,phone
u_01284,2024-01-24,JP,Android,influencer,tablet
u_01285,2024-01-05,US,Android,organic,phone
u_01286,2024-01-12,US,Android,organic,phone
u_01287,2024-02-14,US,iOS,organic,tablet
u_01288,2024-01-02,US,Android,paid_social,phone
u_01289,2024-01-23,GB,Android,organic,phone
u_01290,2024-01-02,KR,iOS,email,phone
u_01291,2024-01-27,FR,Android,paid_search,phone
u_01292,2024-02-12,BR,Android,paid_social,phone
u_01293,2024-01-09,KR,iOS,paid_search,phone
u_01294,2024-01-24,MX,Android,organic,phone
u_01295,2024-01-30,MX,Android,organic,phone
u_01296,2024-01-12,MX,Android,paid_search,phone
u_01297,2024-01-10,US,iOS,email,phone
u_01298,2024-01-29,US,iOS,paid_social,phone
u_01299,2024-01-21,MX,iOS,paid_social,tablet
u_01300,2024-02-04,US,Android,paid_social,phone
u_01301,2024-01-10,MX,Android,organic,tablet
u_01302,2024-02-04,MX,iOS,paid_search,phone
u_01303,2024-01-19,MX,Android,email,phone
u_01304,2024-02-21,FR,Android,paid_social,phone
u_01305,2024-02-16,DE,iOS,paid_search,phone
u_01306,2024-01-02,GB,Android,paid_social,phone
u_01307,2024-01-04,FR,iOS,paid_social,phone
u_01308,2024-02-19,US,iOS,paid_social,phone
u_01309,2024-02-12,MX,Android,organic,phone
u_01310,2024-02-08,FR,Android,influencer,phone
u_01311,2024-01-10,BR,iOS,organic,phone
u_01312,2024-01-23,GB,Android,influencer,phone
u_01313,2024-02-16,KR,Android,paid_social,phone
u_01314,2024-01-11,JP,Android,paid_social,tablet
u_01315,2024-01-09,JP,Android,organic,phone
u_01316,2024-02-25,DE,iOS,email,phone
u_01317,2024-01-25,US,iOS,influencer,phone
u_01318,2024-02-05,DE,Android,influencer,phone
u_01319,2024-02-23,GB,Android,organic,phone
u_01320,2024-02-23,FR,Android,paid_search,phone
u_01321,2024-02-20,US,iOS,email,phone
u_01322,2024-01-31,US,Android,organic,phone
u_01323,2024-02-28,BR,iOS,organic,phone
u_01324,2024-01-05,FR,iOS,paid_social,phone
u_01325,2024-01-17,CA,Android,paid_search,phone
u_01326,2024-02-02,BR,iOS,organic,phone
u_01327,2024-01-10,US,Android,organic,phone
u_01328,2024-01-18,GB,Android,email,phone
u_01329,2024-01-19,DE,Android,paid_social,phone
u_01330,2024-01-12,BR,Android,organic,phone
u_01331,2024-01-21,JP,Android,organic,phone
u_01332,2024-02-14,GB,Android,organic,phone
u_01333,2024-01-09,DE,iOS,paid_social,phone
u_01334,2024-02-28,US,iOS,paid_social,phone
u_01335,2024-02-20,KR,Android,influencer,phone
u_01336,2024-02-04,BR,Android,influencer,phone
u_01337,2024-02-28,US,Android,email,phone
u_01338,2024-01-20,BR,iOS,paid_social,tablet
u_01339,2024-02-03,BR,iOS,paid_search,phone
u_01340,2024-02-22,US,iOS,paid_search,phone
u_01341,2024-01-20,US,iOS,organic,phone
u_01342,2024-02-20,US,iOS,paid_social,phone
u_01343,2024-01-13,US,Android,paid_social,phone
u_01344,2024-01-08,AU,iOS,organic,phone
u_01345,2024-01-07,JP,Android,organic,tablet
u_01346,2024-01-12,CA,iOS,organic,phone
u_01347,2024-01-18,MX,iOS,organic,phone
u_01348,2024-02-16,FR,Android,organic,phone
u_01349,2024-02-18,US,iOS,organic,phone
u_01350,2024-02-27,BR,iOS,paid_search,tablet
u_01351,2024-02-28,DE,Android,organic,phone
u_01352,2024-01-29,CA,iOS,influencer,tablet
u_01353,2024-01-28,US,iOS,organic,tablet
u_01354,2024-01-08,DE,Android,paid_social,phone
u_01355,2024-01-19,FR,iOS,organic,phone
u_01356,2024-01-19,DE,Android,paid_search,phone
u_01357,2024-01-15,FR,iOS,influencer,phone
u_01358,2024-01-05,KR,Android,email,phone
u_01359,2024-01-01,MX,Android,organic,phone
u_01360,2024-02-12,CA,iOS,organic,phone
u_01361,2024-01-07,BR,Android,organic,phone
u_01362,2024-01-13,GB,Android,email,phone
u_01363,2024-02-23,GB,Android,paid_search,phone
u_01364,2024-02-07,US,Android,paid_social,phone
u_01365,2024-01-31,CA,Android,email,phone
u_01366,2024-01-10,BR,iOS,organic,phone
u_01367,2024-02-10,AU,iOS,paid_search,phone
u_01368,2024-02-01,CA,Android,organic,phone
u_01369,2024-01-10,US,Android,paid_search,phone
u_01370,2024-02-03,BR,Android,organic,phone
u_01371,2024-02-01,DE,Android,influencer,phone
u_01372,2024-01-02,MX,iOS,paid_social,tablet
u_01373,2024-01-25,DE,Android,paid_social,phone
u_01374,2024-01-12,FR,Android,organic,phone
u_01375,2024-02-01,GB,iOS,organic,phone
u_01376,2024-02-06,CA,Android,paid_search,phone
u_01377,2024-01-31,FR,iOS,organic,phone
u_01378,2024-02-07,MX,Android,organic,tablet
u_01379,2024-01-21,US,Android,organic,phone
u_01380,2024-02-21,BR,iOS,influencer,phone
u_01381,2024-01-07,GB,Android,paid_social,phone
u_01382,2024-01-16,US,Android,paid_social,tablet
u_01383,2024-01-05,KR,iOS,organic,phone
u_01384,2024-01-03,DE,Android,paid_social,tablet
u_01385,2024-01-18,US,Android,organic,phone
u_01386,2024-02-06,GB,Android,influencer,phone
u_01387,2024-02-13,US,Android,influencer,phone
u_01388,2024-01-11,FR,iOS,paid_social,phone
u_01389,2024-02-24,MX,iOS,influencer,phone
u_01390,2024-01-17,US,Android,paid_social,phone
u_01391,2024-02-17,MX,Android,paid_social,phone
u_01392,2024-01-18,US,Android,paid_social,phone
u_01393,2024-02-20,US,Android,paid_social,phone
u_01394,2024-02-12,FR,iOS,paid_social,phone
u_01395,2024-01-30,CA,Android,influencer,phone
u_01396,2024-02-03,KR,Android,organic,tablet
u_01397,2024-02-17,AU,iOS,paid_social,phone
u_01398,2024-02-24,BR,iOS,paid_social,phone
u_01399,2024-02-03,US,Android,organic,phone
u_01400,2024-02-18,US,iOS,organic,phone
u_01401,2024-01-05,CA,Android,organic,phone
u_01402,2024-01-11,US,Android,paid_social,phone
u_01403,2024-01-13,US,Android,organic,phone
u_01404,2024-01-28,GB,Android,organic,phone
u_01405,2024-01-02,US,Android,paid_search,phone
u_01406,2024-02-24,US,Android,paid_search,phone
u_01407,2024-02-27,US,Android,influencer,tablet
u_01408,2024-01-27,KR,Android,influencer,phone
u_01409,2024-02-23,BR,iOS,organic,phone
u_01410,2024-02-29,US,Android,paid_social,phone
u_01411,2024-02-03,US,Android,organic,phone
u_01412,2024-02-21,US,Android,paid_search,phone
u_01413,2024-02-17,US,iOS,organic,phone
u_01414,2024-01-18,GB,iOS,paid_social,phone
u_01415,2024-01-24,BR,iOS,paid_social,phone
u_01416,2024-01-16,MX,Android,email,phone
u_01417,2024-02-15,GB,iOS,paid_social,tablet
u_01418,2024-01-03,JP,Android,email,phone
u_01419,2024-02-20,CA,iOS,organic,phone
u_01420,2024-02-14,GB,Android,organic,tablet
u_01421,2024-02-24,GB,iOS,email,tablet
u_01422,2024-02-28,US,iOS,influencer,phone
u_01423,2024-01-14,KR,iOS,paid_social,phone
u_01424,2024-02-21,BR,iOS,organic,tablet
u_01425,2024-02-22,JP,Android,paid_search,tablet
u_01426,2024-01-22,BR,Android,influencer,phone
u_01427,2024-02-14,US,iOS,paid_social,phone
u_01428,2024-02-05,BR,Android,organic,phone
u_01429,2024-02-11,US,iOS,paid_social,phone
u_01430,2024-01-13,CA,iOS,organic,phone
u_01431,2024-02-03,BR,Android,paid_social,phone
u_01432,2024-02-08,BR,Android,organic,phone
u_01433,2024-02-17,US,iOS,paid_social,phone
u_01434,2024-01-19,US,iOS,organic,tablet
u_01435,2024-03-01,JP,Android,organic,phone
u_01436,2024-02-05,CA,Android,influencer,tablet
u_01437,2024-01-13,US,Android,organic,phone
u_01438,2024-02-08,US,iOS,organic,tablet
u_01439,2024-01-08,US,Android,paid_search,tablet
u_01440,2024-02-22,CA,iOS,paid_search,phone
u_01441,2024-02-25,JP,iOS,paid_search,phone
u_01442,2024-01-28,KR,Android,email,phone
u_01443,2024-02-13,US,iOS,paid_search,phone
u_01444,2024-01-17,US,Android,organic,phone
u_01445,2024-02-11,DE,iOS,organic,phone
u_01446,2024-02-14,GB,iOS,organic,phone
u_01447,2024-02-08,US,iOS,organic,phone
u_01448,2024-01-16,DE,iOS,paid_social,phone
u_01449,2024-02-21,FR,Android,organic,phone
u_01450,2024-02-09,GB,Android,paid_search,phone
u_01451,2024-02-27,FR,Android,organic,phone
u_01452,2024-02-29,GB,Android,organic,phone
u_01453,2024-01-28,US,iOS,organic,phone
u_01454,2024-02-25,MX,iOS,organic,phone
u_01455,2024-02-27,KR,Android,paid_search,phone
u_01456,2024-01-21,GB,iOS,paid_search,phone
u_01457,2024-03-01,US,Android,paid_search,phone
u_01458,2024-01-04,US,iOS,organic,phone
u_01459,2024-01-11,BR,iOS,email,tablet
u_01460,2024-01-03,GB,Android,paid_social,phone
u_01461,2024-01-08,KR,Android,organic,phone
u_01462,2024-02-25,US,Android,paid_search,phone
u_01463,2024-02-06,KR,Android,paid_social,tablet
u_01464,2024-02-03,BR,iOS,email,phone
u_01465,2024-02-01,CA,Android,organic,phone
u_01466,2024-02-13,US,iOS,email,phone
u_01467,2024-01-21,US,iOS,influencer,phone
u_01468,2024-01-30,CA,iOS,paid_search,phone
u_01469,2024-01-03,CA,Android,organic,phone
u_01470,2024-02-16,AU,Android,organic,tablet
u_01471,2024-02-21,CA,iOS,organic,phone
u_01472,2024-03-01,FR,iOS,organic,phone
u_01473,2024-02-19,KR,iOS,influencer,phone
u_01474,2024-02-19,GB,Android,email,phone
u_01475,2024-01-20,DE,iOS,influencer,phone
u_01476,2024-02-13,FR,iOS,organic,phone
u_01477,2024-01-13,DE,Android,paid_social,phone
u_01478,2024-01-28,US,iOS,organic,phone
u_01479,2024-02-10,GB,iOS,organic,phone
u_01480,2024-01-15,CA,Android,email,phone
u_01481,2024-02-11,DE,iOS,paid_social,tablet
u_01482,2024-01-31,US,Android,paid_search,phone
u_01483,2024-01-16,DE,iOS,organic,phone
u_01484,2024-01-03,DE,Android,paid_social,phone
u_01485,2024-02-16,FR,iOS,organic,phone
u_01486,2024-02-02,US,Android,paid_social,phone
u_01487,2024-02-23,GB,iOS,influencer,phone
u_01488,2024-02-07,BR,Android,paid_social,phone
u_01489,2024-01-22,MX,Android,organic,phone
u_01490,2024-02-17,MX,iOS,paid_search,phone
u_01491,2024-01-02,US,iOS,organic,phone
u_01492,2024-02-14,GB,Android,paid_search,phone
u_01493,2024-01-20,CA,Android,organic,phone
u_01494,2024-02-14,CA,Android,organic,phone
u_01495,2024-01-13,US,iOS,email,tablet
u_01496,2024-01-14,DE,iOS,organic,phone
u_01497,2024-02-24,JP,iOS,organic,phone
u_01498,2024-01-31,GB,iOS,influencer,phone
u_01499,2024-01-29,MX,Android,influencer,phone
u_01500,2024-01-13,US,Android,organic,phone
u_01501,2024-01-07,CA,Android,email,phone
u_01502,2024-02-17,FR,Android,email,phone
u_01503,2024-01-26,DE,Android,paid_social,phone
u_01504,2024-02-22,KR,iOS,organic,phone
u_01505,2024-02-06,US,iOS,influencer,phone
u_01506,2024-01-31,US,Android,paid_social,phone
u_01507,2024-01-28,US,iOS,organic,phone
u_01508,2024-01-15,DE,Android,paid_search,tablet
u_01509,2024-02-24,JP,Android,organic,phone
u_01510,2024-02-15,GB,iOS,email,phone
u_01511,2024-01-24,JP,Android,influencer,phone
u_01512,2024-01-19,BR,iOS,paid_social,phone
u_01513,2024-01-11,FR,iOS,paid_social,tablet
u_01514,2024-01-20,US,Android,email,phone
u_01515,2024-01-17,GB,iOS,influencer,tablet
u_01516,2024-01-03,JP,iOS,organic,phone
u_01517,2024-02-05,US,iOS,organic,phone
u_01518,2024-01-03,BR,Android,influencer,tablet
u_01519,2024-02-25,DE,Android,paid_search,tablet
u_01520,2024-01-29,JP,Android,paid_search,tablet
u_01521,2024-02-20,FR,Android,email,phone
u_01522,2024-01-03,DE,iOS,organic,phone
u_01523,2024-01-24,US,iOS,paid_social,phone
u_01524,2024-02-16,KR,iOS,organic,phone
u_01525,2024-01-08,KR,iOS,paid_social,phone
u_01526,2024-01-16,JP,Android,organic,phone
u_01527,2024-01-18,GB,Android,organic,phone
u_01528,2024-01-10,BR,Android,paid_search,phone
u_01529,2024-01-28,GB,iOS,paid_social,tablet
u_01530,2024-02-20,CA,Android,paid_social,phone
u_01531,2024-02-15,JP,Android,organic,phone
u_01532,2024-02-19,US,iOS,paid_search,phone
u_01533,2024-02-11,US,Android,email,tablet
u_01534,2024-02-21,CA,Android,organic,phone
u_01535,2024-02-13,BR,Android,paid_search,phone
u_01536,2024-01-23,US,iOS,paid_social,tablet
u_01537,2024-02-14,GB,Android,influencer,phone
u_01538,2024-02-09,CA,Android,influencer,phone
u_01539,2024-01-26,JP,Android,organic,phone
u_01540,2024-01-25,BR,Android,organic,tablet
u_01541,2024-01-19,US,Android,organic,phone
u_01542,2024-02-10,US,iOS,paid_search,phone
u_01543,2024-01-16,JP,iOS,paid_social,phone
u_01544,2024-02-16,US,iOS,paid_social,phone
u_01545,2024-01-04,BR,Android,paid_social,phone
u_01546,2024-01-01,DE,Android,influencer,tablet
u_01547,2024-02-06,BR,Android,paid_search,phone
u_01548,2024-01-15,GB,iOS,paid_search,phone
u_01549,2024-02-13,US,iOS,paid_search,phone
u_01550,2024-02-03,FR,Android,organic,phone
u_01551,2024-02-15,GB,iOS,organic,phone
u_01552,2024-01-09,DE,iOS,organic,phone
u_01553,2024-02-07,FR,Android,influencer,phone
u_01554,2024-02-10,GB,iOS,email,phone
u_01555,2024-01-27,JP,iOS,organic,phone
u_01556,2024-01-09,MX,Android,paid_social,phone
u_01557,2024-01-30,DE,Android,email,phone
u_01558,2024-03-01,US,Android,organic,phone
u_01559,2024-01-19,US,iOS,organic,tablet
u_01560,2024-01-20,US,iOS,organic,phone
u_01561,2024-01-27,US,Android,influencer,phone
u_01562,2024-02-22,BR,iOS,paid_social,phone
u_01563,2024-01-03,GB,Android,paid_social,tablet
u_01564,2024-02-20,GB,Android,influencer,phone
u_01565,2024-01-09,DE,Android,paid_social,phone
u_01566,2024-02-25,BR,iOS,paid_social,phone
u_01567,2024-01-25,US,iOS,paid_social,tablet
u_01568,2024-02-26,GB,iOS,organic,phone
u_01569,2024-01-02,FR,Android,paid_search,phone
u_01570,2024-01-08,CA,iOS,email,phone
u_01571,2024-02-18,US,Android,organic,phone
u_01572,2024-02-27,US,Android,paid_social,tablet
u_01573,2024-01-18,JP,iOS,paid_search,tablet
u_01574,2024-01-29,US,Android,organic,phone
u_01575,2024-02-01,KR,iOS,paid_social,phone
u_01576,2024-02-25,DE,iOS,organic,tablet
u_01577,2024-02-04,US,iOS,organic,phone
u_01578,2024-01-20,MX,Android,organic,tablet
u_01579,2024-01-12,US,iOS,organic,phone
u_01580,2024-01-27,KR,iOS,email,tablet
u_01581,2024-01-04,US,Android,paid_social,phone
u_01582,2024-02-18,DE,Android,organic,phone
u_01583,2024-02-05,GB,Android,paid_social,phone
u_01584,2024-02-26,US,Android,paid_social,phone
u_01585,2024-02-18,FR,Android,organic,phone
u_01586,2024-01-06,KR,Android,paid_search,phone
u_01587,2024-02-04,MX,Android,paid_social,phone
u_01588,2024-02-28,FR,iOS,influencer,tablet
u_01589,2024-02-09,US,Android,organic,tablet
u_01590,2024-01-31,US,iOS,paid_search,tablet
u_01591,2024-02-23,CA,Android,paid_social,phone
u_01592,2024-02-17,DE,iOS,organic,phone
u_01593,2024-02-23,US,Android,organic,phone
u_01594,2024-02-09,DE,Android,influencer,tablet
u_01595,2024-02-10,US,Android,paid_social,phone
u_01596,2024-01-21,GB,Android,paid_social,phone
u_01597,2024-02-14,US,Android,paid_social,phone
u_01598,2024-01-01,CA,iOS,influencer,phone
u_01599,2024-02-18,GB,iOS,influencer,phone
u_01600,2024-02-04,US,Android,paid_search,phone
u_01601,2024-01-23,MX,iOS,paid_social,phone
u_01602,2024-02-23,BR,Android,organic,phone
u_01603,2024-02-29,US,iOS,paid_search,phone
u_01604,2024-02-13,AU,iOS,organic,phone
u_01605,2024-01-20,JP,iOS,email,tablet
u_01606,2024-01-03,US,Android,paid_search,phone
u_01607,2024-01-13,MX,Android,organic,phone
u_01608,2024-02-02,DE,Android,paid_search,phone
u_01609,2024-02-13,FR,iOS,paid_social,phone
u_01610,2024-01-09,US,Android,organic,phone
u_01611,2024-02-20,US,Android,organic,tablet
u_01612,2024-02-13,DE,iOS,paid_social,phone
u_01613,2024-03-01,GB,Android,paid_search,tablet
u_01614,2024-01-21,GB,Android,organic,phone
u_01615,2024-01-30,DE,Android,organic,phone
u_01616,2024-01-04,US,iOS,paid_social,phone
u_01617,2024-01-13,US,Android,influencer,tablet
u_01618,2024-01-15,MX,iOS,organic,phone
u_01619,2024-01-11,US,iOS,paid_social,phone
u_01620,2024-01-28,JP,Android,paid_social,phone
u_01621,2024-01-17,US,Android,email,phone
u_01622,2024-02-22,US,Android,email,phone
u_01623,2024-02-09,GB,iOS,paid_social,phone
u_01624,2024-01-04,AU,iOS,influencer,phone
u_01625,2024-02-20,US,Android,paid_social,phone
u_01626,2024-02-10,GB,iOS,organic,phone
u_01627,2024-02-24,GB,iOS,paid_search,phone
u_01628,2024-02-08,JP,Android,paid_social,phone
u_01629,2024-01-28,KR,Android,organic,tablet
u_01630,2024-02-20,US,Android,paid_social,phone
u_01631,2024-01-01,FR,iOS,paid_search,phone
u_01632,2024-02-06,US,Android,organic,phone
u_01633,2024-02-09,GB,iOS,paid_search,phone
u_01634,2024-01-20,FR,Android,paid_search,phone
u_01635,2024-02-07,KR,Android,organic,phone
u_01636,2024-01-22,US,Android,paid_social,phone
u_01637,2024-01-10,US,Android,influencer,tablet
u_01638,2024-01-28,GB,Android,paid_social,phone
u_01639,2024-01-05,GB,Android,paid_search,tablet
u_01640,2024-02-08,BR,Android,paid_social,phone
u_01641,2024-01-20,GB,iOS,paid_social,phone
u_01642,2024-01-03,DE,Android,paid_social,phone
u_01643,2024-01-30,CA,iOS,paid_search,tablet
u_01644,2024-01-22,JP,iOS,paid_social,phone
u_01645,2024-01-01,GB,iOS,organic,phone
u_01646,2024-01-19,GB,Android,influencer,phone
u_01647,2024-01-02,US,iOS,organic,phone
u_01648,2024-01-12,GB,Android,organic,phone
u_01649,2024-02-23,US,iOS,influencer,phone
u_01650,2024-02-11,JP,iOS,email,phone
u_01651,2024-01-16,GB,iOS,organic,phone
u_01652,2024-02-21,MX,Android,influencer,phone
u_01653,2024-01-10,KR,iOS,organic,phone
u_01654,2024-02-14,GB,Android,email,phone
u_01655,2024-01-03,BR,Android,influencer,phone
u_01656,2024-01-10,US,iOS,paid_search,tablet
u_01657,2024-02-24,DE,Android,paid_social,phone
u_01658,2024-02-20,DE,Android,organic,phone
u_01659,2024-02-18,KR,Android,organic,phone
u_01660,2024-01-12,US,iOS,paid_search,phone
u_01661,2024-02-01,DE,Android,paid_social,phone
u_01662,2024-02-11,US,iOS,organic,tablet
u_01663,2024-01-26,US,iOS,organic,phone
u_01664,2024-02-23,GB,Android,organic,phone
u_01665,2024-01-29,DE,iOS,organic,phone
u_01666,2024-01-22,GB,Android,paid_social,phone
u_01667,2024-01-21,US,iOS,paid_social,phone
u_01668,2024-01-05,GB,iOS,influencer,phone
u_01669,2024-02-11,US,iOS,organic,phone
u_01670,2024-01-24,US,iOS,organic,phone
u_01671,2024-01-20,BR,Android,influencer,phone
u_01672,2024-02-08,MX,Android,paid_search,phone
u_01673,2024-02-28,US,Android,organic,phone
u_01674,2024-01-26,MX,Android,paid_search,phone
u_01675,2024-02-11,DE,Android,organic,phone
u_01676,2024-01-15,BR,iOS,organic,phone
u_01677,2024-02-05,BR,Android,paid_social,phone
u_01678,2024-01-21,KR,iOS,email,phone
u_01679,2024-01-29,DE,Android,organic,phone
u_01680,2024-01-09,US,Android,paid_social,phone
u_01681,2024-01-23,GB,iOS,paid_search,phone
u_01682,2024-02-19,BR,iOS,paid_social,phone
u_01683,2024-01-03,AU,iOS,email,phone
u_01684,2024-02-10,JP,Android,paid_social,phone
u_01685,2024-01-25,US,iOS,paid_social,phone
u_01686,2024-01-07,US,Android,paid_social,phone
u_01687,2024-01-11,US,Android,organic,phone
u_01688,2024-02-01,US,iOS,influencer,phone
u_01689,2024-01-14,US,Android,organic,phone
u_01690,2024-02-03,US,iOS,influencer,phone
u_01691,2024-01-08,US,iOS,paid_search,phone
u_01692,2024-02-27,KR,iOS,organic,phone
u_01693,2024-02-15,CA,iOS,paid_social,phone
u_01694,2024-01-13,DE,Android,organic,phone
u_01695,2024-01-10,GB,Android,paid_social,phone
u_01696,2024-01-22,AU,Android,paid_social,phone
u_01697,2024-02-17,US,Android,influencer,phone
u_01698,2024-02-23,BR,iOS,paid_social,phone
u_01699,2024-01-12,GB,iOS,paid_social,phone
u_01700,2024-01-25,AU,iOS,paid_social,phone
u_01701,2024-03-01,US,Android,organic,tablet
u_01702,2024-02-04,US,Android,paid_search,phone
u_01703,2024-01-14,AU,iOS,paid_search,phone
u_01704,2024-01-24,US,iOS,paid_search,phone
u_01705,2024-01-29,US,iOS,organic,phone
u_01706,2024-02-10,BR,Android,organic,phone
u_01707,2024-02-24,US,iOS,organic,phone
u_01708,2024-01-09,US,Android,paid_social,phone
u_01709,2024-02-05,CA,Android,paid_social,phone
u_01710,2024-01-18,JP,iOS,organic,phone
u_01711,2024-01-19,US,Android,organic,phone
u_01712,2024-01-01,CA,iOS,organic,phone
u_01713,2024-01-03,KR,Android,paid_social,phone
u_01714,2024-02-10,JP,Android,paid_search,tablet
u_01715,2024-01-25,BR,iOS,paid_social,phone
u_01716,2024-01-25,BR,Android,organic,phone
u_01717,2024-01-06,US,iOS,organic,phone
u_01718,2024-02-13,CA,iOS,influencer,phone
u_01719,2024-02-23,CA,Android,organic,phone
u_01720,2024-02-22,US,Android,organic,phone
u_01721,2024-02-04,GB,iOS,organic,phone
u_01722,2024-01-21,US,iOS,organic,phone
u_01723,2024-01-30,US,Android,organic,phone
u_01724,2024-01-03,US,iOS,organic,phone
u_01725,2024-01-07,BR,Android,email,phone
u_01726,2024-01-17,MX,Android,email,phone
u_01727,2024-02-13,AU,Android,organic,phone
u_01728,2024-02-18,KR,iOS,influencer,phone
u_01729,2024-01-22,US,Android,paid_social,phone
u_01730,2024-02-17,US,Android,email,phone
u_01731,2024-02-09,BR,iOS,organic,phone
u_01732,2024-01-16,CA,iOS,organic,phone
u_01733,2024-01-10,GB,Android,organic,phone
u_01734,2024-03-01,GB,Android,organic,phone
u_01735,2024-02-20,BR,Android,email,phone
u_01736,2024-01-19,BR,iOS,paid_search,phone
u_01737,2024-01-14,DE,Android,paid_search,phone
u_01738,2024-02-13,BR,iOS,influencer,phone
u_01739,2024-01-12,GB,iOS,influencer,phone
u_01740,2024-01-13,US,Android,email,phone
u_01741,2024-01-12,FR,Android,email,phone
u_01742,2024-01-06,GB,Android,organic,phone
u_01743,2024-01-28,US,iOS,organic,phone
u_01744,2024-02-10,US,Android,paid_social,tablet
u_01745,2024-01-24,GB,iOS,paid_social,phone
u_01746,2024-02-17,GB,iOS,email,phone
u_01747,2024-02-18,GB,Android,paid_search,tablet
u_01748,2024-02-08,DE,Android,organic,phone
u_01749,2024-01-20,DE,iOS,paid_social,phone
u_01750,2024-01-09,BR,iOS,influencer,phone
u_01751,2024-02-25,DE,Android,paid_social,tablet
u_01752,2024-03-01,GB,Android,organic,phone
u_01753,2024-02-07,US,Android,email,phone
u_01754,2024-02-29,FR,iOS,paid_social,phone
u_01755,2024-02-28,BR,iOS,paid_search,phone
u_01756,2024-01-24,BR,Android,email,phone
u_01757,2024-01-16,DE,Android,organic,phone
u_01758,2024-01-02,BR,Android,organic,phone
u_01759,2024-02-13,US,iOS,paid_social,phone
u_01760,2024-01-11,US,Android,paid_social,tablet
u_01761,2024-01-26,BR,Android,organic,tablet
u_01762,2024-02-26,GB,Android,organic,phone
u_01763,2024-02-04,CA,iOS,organic,phone
u_01764,2024-02-26,AU,Android,organic,phone
u_01765,2024-02-21,GB,iOS,paid_search,tablet
u_01766,2024-01-26,BR,iOS,organic,phone
u_01767,2024-01-07,US,Android,paid_social,phone
u_01768,2024-02-16,GB,iOS,organic,phone
u_01769,2024-02-01,US,Android,paid_social,phone
u_01770,2024-01-12,US,Android,influencer,phone
u_01771,2024-02-27,KR,iOS,influencer,phone
u_01772,2024-02-10,US,iOS,organic,phone
u_01773,2024-01-22,US,iOS,paid_social,phone
u_01774,2024-01-01,US,Android,organic,phone
u_01775,2024-01-03,US,Android,organic,phone
u_01776,2024-02-18,US,Android,paid_search,phone
u_01777,2024-01-22,GB,Android,email,phone
u_01778,2024-03-01,GB,iOS,paid_social,tablet
u_01779,2024-02-25,US,iOS,paid_social,phone
u_01780,2024-02-16,JP,Android,organic,phone
u_01781,2024-02-03,US,Android,influencer,phone
u_01782,2024-02-09,BR,Android,paid_social,phone
u_01783,2024-01-01,MX,Android,influencer,phone
u_01784,2024-01-24,KR,Android,paid_search,phone
u_01785,2024-01-15,FR,iOS,paid_social,phone
u_01786,2024-01-28,AU,Android,paid_social,phone
u_01787,2024-02-14,AU,Android,organic,phone
u_01788,2024-01-10,KR,Android,paid_search,phone
u_01789,2024-01-03,US,Android,organic,phone
u_01790,2024-02-05,MX,Android,influencer,tablet
u_01791,2024-01-31,CA,iOS,organic,phone
u_01792,2024-02-12,BR,iOS,email,phone
u_01793,2024-02-29,AU,Android,paid_search,phone
u_01794,2024-01-17,CA,Android,paid_search,phone
u_01795,2024-02-29,DE,Android,organic,phone
u_01796,2024-02-25,US,Android,email,phone
u_01797,2024-01-22,GB,Android,paid_search,phone
u_01798,2024-02-11,JP,Android,paid_social,phone
u_01799,2024-01-17,US,iOS,organic,phone
u_01800,2024-02-29,US,Android,paid_social,phone
u_01801,2024-01-21,MX,Android,organic,phone
u_01802,2024-02-04,US,iOS,paid_social,phone
u_01803,2024-02-21,CA,Android,paid_social,phone
u_01804,2024-01-15,US,iOS,influencer,phone
u_01805,2024-02-22,AU,Android,paid_social,phone
u_01806,2024-02-08,US,Android,influencer,phone
u_01807,2024-01-03,FR,iOS,email,phone
u_01808,2024-02-24,BR,Android,influencer,phone
u_01809,2024-02-15,MX,iOS,influencer,phone
u_01810,2024-02-15,US,Android,influencer,phone
u_01811,2024-01-04,AU,Android,influencer,phone
u_01812,2024-01-20,MX,Android,influencer,tablet
u_01813,2024-02-05,GB,iOS,paid_social,phone
u_01814,2024-01-26,GB,Android,organic,phone
u_01815,2024-01-13,BR,Android,organic,phone
u_01816,2024-02-20,FR,Android,influencer,phone
u_01817,2024-01-30,CA,Android,paid_social,phone
u_01818,2024-02-27,US,iOS,paid_search,phone
u_01819,2024-01-01,GB,Android,organic,phone
u_01820,2024-02-24,US,Android,paid_social,phone
u_01821,2024-02-29,US,iOS,paid_social,tablet
u_01822,2024-01-08,MX,Android,paid_social,tablet
u_01823,2024-02-10,BR,iOS,organic,phone
u_01824,2024-01-20,BR,Android,paid_search,phone
u_01825,2024-02-14,MX,Android,organic,phone
u_01826,2024-02-22,CA,iOS,paid_search,phone
u_01827,2024-01-08,US,iOS,paid_social,tablet
u_01828,2024-01-15,US,Android,paid_social,phone
u_01829,2024-02-17,US,Android,organic,tablet
u_01830,2024-02-14,GB,Android,organic,phone
u_01831,2024-02-28,KR,Android,paid_social,phone
u_01832,2024-01-26,FR,Android,influencer,phone
u_01833,2024-02-03,JP,Android,influencer,phone
u_01834,2024-02-18,BR,Android,influencer,phone
u_01835,2024-02-08,BR,iOS,paid_social,phone
u_01836,2024-01-03,US,iOS,organic,phone
u_01837,2024-02-24,BR,iOS,organic,phone
u_01838,2024-02-04,US,Android,paid_search,phone
u_01839,2024-01-03,MX,Android,paid_search,phone
u_01840,2024-01-29,US,Android,organic,tablet
u_01841,2024-01-23,FR,Android,paid_search,phone
u_01842,2024-01-03,US,iOS,organic,phone
u_01843,2024-01-09,FR,iOS,organic,phone
u_01844,2024-02-09,GB,Android,organic,phone
u_01845,2024-01-11,GB,iOS,organic,phone
u_01846,2024-02-14,US,iOS,paid_social,phone
u_01847,2024-02-10,BR,iOS,organic,phone
u_01848,2024-02-22,DE,iOS,influencer,phone
u_01849,2024-02-20,GB,iOS,paid_social,phone
u_01850,2024-01-08,DE,Android,paid_social,phone
u_01851,2024-01-06,GB,iOS,organic,tablet
u_01852,2024-01-15,US,iOS,email,phone
u_01853,2024-03-01,US,Android,organic,phone
u_01854,2024-01-20,FR,Android,organic,phone
u_01855,2024-02-06,KR,Android,paid_social,tablet
u_01856,2024-01-11,US,Android,organic,phone
u_01857,2024-02-13,MX,Android,paid_social,phone
u_01858,2024-01-31,FR,iOS,paid_search,phone
u_01859,2024-02-12,US,iOS,paid_search,phone
u_01860,2024-02-16,CA,iOS,paid_search,phone
u_01861,2024-01-27,BR,iOS,email,phone
u_01862,2024-02-02,US,Android,paid_social,phone
u_01863,2024-02-29,JP,iOS,influencer,tablet
u_01864,2024-01-27,BR,Android,paid_social,phone
u_01865,2024-01-16,MX,iOS,organic,phone
u_01866,2024-02-05,AU,Android,organic,tablet
u_01867,2024-02-13,DE,Android,paid_social,phone
u_01868,2024-02-13,KR,Android,paid_social,phone
u_01869,2024-02-28,JP,iOS,paid_social,phone
u_01870,2024-01-23,US,Android,email,phone
u_01871,2024-02-26,MX,Android,organic,phone
u_01872,2024-01-11,CA,Android,paid_social,phone
u_01873,2024-01-05,GB,iOS,organic,phone
u_01874,2024-02-01,GB,iOS,organic,tablet
u_01875,2024-01-16,JP,Android,influencer,phone
u_01876,2024-01-31,US,iOS,paid_search,phone
u_01877,2024-01-14,AU,Android,email,phone
u_01878,2024-02-27,US,Android,paid_social,phone
u_01879,2024-01-23,US,Android,organic,phone
u_01880,2024-01-23,KR,iOS,organic,phone
u_01881,2024-02-01,US,Android,influencer,phone
u_01882,2024-02-28,DE,iOS,paid_search,phone
u_01883,2024-01-26,GB,iOS,influencer,phone
u_01884,2024-01-18,US,iOS,influencer,phone
u_01885,2024-01-23,BR,iOS,influencer,phone
u_01886,2024-01-08,US,iOS,organic,phone
u_01887,2024-02-27,US,Android,email,tablet
u_01888,2024-01-18,US,Android,paid_social,phone
u_01889,2024-01-09,US,Android,influencer,phone
u_01890,2024-02-29,BR,Android,organic,tablet
u_01891,2024-02-20,US,iOS,paid_social,phone
u_01892,2024-01-16,US,Android,paid_social,phone
u_01893,2024-01-01,GB,iOS,paid_social,phone
u_01894,2024-01-16,FR,Android,organic,phone
u_01895,2024-01-08,KR,Android,organic,phone
u_01896,2024-01-13,DE,Android,organic,phone
u_01897,2024-02-09,US,Android,paid_social,phone
u_01898,2024-01-15,US,iOS,organic,phone
u_01899,2024-01-10,GB,Android,organic,phone
u_01900,2024-01-27,DE,Android,email,phone
u_01901,2024-01-28,DE,Android,paid_social,phone
u_01902,2024-01-18,GB,Android,paid_search,phone
u_01903,2024-02-27,US,iOS,organic,phone
u_01904,2024-01-14,US,iOS,paid_social,phone
u_01905,2024-01-17,MX,iOS,organic,phone
u_01906,2024-01-01,CA,Android,organic,phone
u_01907,2024-02-21,GB,Android,paid_social,phone
u_01908,2024-02-11,US,Android,organic,phone
u_01909,2024-02-10,BR,iOS,paid_social,tablet
u_01910,2024-02-11,JP,iOS,paid_social,phone
u_01911,2024-03-01,FR,iOS,paid_search,tablet
u_01912,2024-01-13,DE,iOS,organic,phone
u_01913,2024-02-15,US,Android,influencer,tablet
u_01914,2024-01-23,KR,iOS,paid_search,tablet
u_01915,2024-01-05,DE,Android,email,phone
u_01916,2024-01-11,FR,Android,organic,phone
u_01917,2024-02-06,US,Android,organic,phone
u_01918,2024-02-01,CA,Android,email,phone
u_01919,2024-02-18,DE,Android,organic,phone
u_01920,2024-01-14,US,iOS,organic,phone
u_01921,2024-02-26,AU,Android,paid_social,phone
u_01922,2024-01-17,US,iOS,paid_search,phone
u_01923,2024-01-11,US,Android,organic,phone
u_01924,2024-03-01,KR,Android,organic,phone
u_01925,2024-02-11,MX,Android,organic,phone
u_01926,2024-02-11,GB,Android,organic,phone
u_01927,2024-02-15,KR,iOS,organic,tablet
u_01928,2024-01-19,US,iOS,influencer,phone
u_01929,2024-01-15,BR,iOS,organic,phone
u_01930,2024-02-12,MX,Android,paid_search,phone
u_01931,2024-02-17,BR,Android,organic,phone
u_01932,2024-02-08,FR,Android,organic,phone
u_01933,2024-02-07,CA,Android,organic,phone
u_01934,2024-02-16,BR,iOS,influencer,phone
u_01935,2024-01-12,DE,Android,organic,phone
u_01936,2024-03-01,BR,Android,organic,phone
u_01937,2024-01-12,JP,Android,organic,phone
u_01938,2024-01-28,US,Android,email,phone
u_01939,2024-02-03,US,Android,organic,phone
u_01940,2024-01-25,US,Android,paid_search,phone
u_01941,2024-01-03,US,Android,organic,tablet
u_01942,2024-02-08,US,Android,email,phone
u_01943,2024-02-17,JP,Android,organic,phone
u_01944,2024-02-18,FR,iOS,organic,phone
u_01945,2024-01-10,US,Android,organic,phone
u_01946,2024-01-02,JP,iOS,organic,phone
u_01947,2024-02-23,GB,iOS,organic,phone
u_01948,2024-01-25,US,Android,organic,tablet
u_01949,2024-01-25,BR,Android,influencer,phone
u_01950,2024-01-08,US,Android,organic,phone
u_01951,2024-01-22,US,Android,influencer,tablet
u_01952,2024-02-08,US,iOS,organic,phone
u_01953,2024-01-28,US,Android,organic,phone
u_01954,2024-01-23,KR,iOS,paid_social,phone
u_01955,2024-01-17,JP,Android,organic,phone
u_01956,2024-02-29,MX,Android,organic,phone
u_01957,2024-01-29,BR,Android,paid_social,phone
u_01958,2024-02-06,GB,Android,organic,phone
u_01959,2024-01-09,US,iOS,organic,phone
u_01960,2024-02-14,MX,Android,paid_social,phone
u_01961,2024-03-01,CA,iOS,paid_social,phone
u_01962,2024-02-04,DE,Android,organic,phone
u_01963,2024-02-15,GB,Android,paid_search,phone
u_01964,2024-02-14,US,iOS,organic,tablet
u_01965,2024-01-24,FR,Android,email,phone
u_01966,2024-01-23,GB,Android,paid_search,phone
u_01967,2024-01-30,US,Android,email,tablet
u_01968,2024-01-16,US,iOS,paid_search,phone
u_01969,2024-02-14,BR,iOS,organic,tablet
u_01970,2024-01-24,US,iOS,paid_social,phone
u_01971,2024-02-08,KR,iOS,organic,phone
u_01972,2024-01-05,US,Android,paid_social,phone
u_01973,2024-01-31,BR,Android,paid_search,phone
u_01974,2024-01-27,BR,iOS,paid_social,phone
u_01975,2024-01-08,US,Android,organic,phone
u_01976,2024-02-02,US,iOS,paid_social,tablet
u_01977,2024-01-30,FR,Android,influencer,phone
u_01978,2024-02-15,US,Android,organic,phone
u_01979,2024-01-25,MX,iOS,organic,phone
u_01980,2024-01-15,GB,Android,email,phone
u_01981,2024-01-05,JP,Android,organic,phone
u_01982,2024-02-22,GB,iOS,organic,phone
u_01983,2024-01-18,US,iOS,paid_social,phone
u_01984,2024-01-02,US,iOS,organic,phone
u_01985,2024-01-01,BR,iOS,paid_social,phone
u_01986,2024-01-03,US,iOS,paid_social,phone
u_01987,2024-02-20,DE,iOS,organic,phone
u_01988,2024-01-23,BR,Android,paid_social,phone
u_01989,2024-01-26,BR,Android,paid_search,phone
u_01990,2024-01-27,KR,Android,paid_social,phone
u_01991,2024-01-02,FR,iOS,paid_social,tablet
u_01992,2024-01-19,US,Android,organic,phone
u_01993,2024-03-01,BR,Android,influencer,phone
u_01994,2024-02-19,BR,Android,paid_social,tablet
u_01995,2024-02-08,CA,Android,organic,phone
u_01996,2024-01-22,US,Android,email,phone
u_01997,2024-02-15,BR,iOS,organic,phone
u_01998,2024-01-05,MX,Android,email,phone
u_01999,2024-01-01,US,Android,paid_social,tablet
u_02000,2024-02-20,KR,Android,paid_social,phone
